亚马逊需要9国语言,亚马逊9国语言,,,,,,,,,,,亚马逊9国语言,,,,
官网需要10国语言,官网10国语言,,,,,,,,,,,,,,,
Reference,EN,德DE,法FR,西班牙ES,意大利IT,波兰PL,阿拉伯AR,日本JP,中文CN,台湾TC,越南VN,荷兰NL,瑞典SE,土耳其TR,,
,"
Unmatched CFexpress 4.0 Performance
 Lexar® Professional DIAMOND CFexpress™ 4.0 Type B Card","Unübertroffene Leistung mit CFexpress 4.0
 Lexar® Professional DIAMOND CFexpress™ 4.0 Typ B Karte","Performance inégalée de CFexpress 4.0
 Carte Lexar® Professional DIAMOND CFexpress™ 4.0 Type B","Rendimiento inigualable de CFexpress 4.0
 Tarjeta Lexar® Professional DIAMOND CFexpress™ 4.0 Tipo B","Prestazioni senza pari della CFexpress 4.0
 Scheda CFexpress™ 4.0 tipo B Lexar® Professional DIAMOND","Niezrównana wydajność CFexpress 4.0
 Karta Lexar® Professional DIAMOND CFexpress™ 4.0 typu B","أداء لا يُضاهى لبطاقة CFexpress 4.0
 بطاقة Lexar® Professional DIAMOND CFexpress™ 4.0 من الفئة B","CFexpress 4.0の比類なきパフォーマンス
 Lexar® Professional DIAMOND CFexpress™ 4.0 Type Bカード","CFexpress4.0  旗舰新标杆
Lexar® Professional DIAMOND CFexpress™ 4.0 Type B 存储卡",,"Hiệu suất vượt trội của CFexpress 4.0
 Thẻ Lexar® Professional DIAMOND CFexpress™ 4.0 Type B","Ongeëvenaarde prestaties van CFexpress 4.0
 Lexar® Professional DIAMOND CFexpress™ 4.0 Type B-kaart","Oöverträffad prestanda för CFexpress 4.0
 Lexar® Professional DIAMOND CFexpress™ 4.0 Typ B-kort","CFexpress 4.0'ın Rakipsiz Performansı
 Lexar® Professional DIAMOND CFexpress™ 4.0 Tip B Kart",,
,"High-Speed Performance
Read speed up to 3700MB/s*
Write speed up to 3400MB/s*
 
8K RAW Video Recording
Sustained write speed up to 3200MB/s*

pSLC Technology

Lexar Recovery Tool
 
VPG 400 
Video Performance Guarantee
 
Revolutionize Your Workflow","High-Speed Leistung
 Lesegeschwindigkeiten von bis zu 3700 MB/s*
 Schreibgeschwindigkeiten von bis zu 3400 MB/s*
 
 8K RAW Videoaufnahme
 Dauerhafte Schreibgeschwindigkeiten von bis zu 3200 MB/s*
 
 pSLC Technologie
 
 Lexar Recovery Tool
 
 VPG 400
 Video Leistungsgarantie
 
 Revolutionieren Sie Ihren Arbeitsablauf","Performances à haute vitesse
 Vitesses de lecture pouvant atteindre 3 700 Mo/s*
 Vitesses d'écriture pouvant atteindre 3 400 Mo/s*
 
 Enregistrement vidéo RAW 8K
 Vitesses d'écriture soutenues pouvant atteindre 3 200 Mo/s*
 
 Technologie pSLC
 
 Lexar Recovery Tool
 
 VPG 400
 Garantie de performances vidéo
 
 Révolutionnez votre flux de travail","Rendimiento de alta velocidad
 Velocidades de lectura de hasta 3700 MB/s*
 Velocidades de escritura de hasta 3400 MB/s*
 
 Grabación de vídeo RAW 8K
 Velocidades de escritura sostenidas de hasta 3200 MB/s*
 
 Tecnología pSLC
 
 Lexar Recovery Tool
 
 VPG 400
 Garantía de rendimiento de vídeo
 
 Revolucione su flujo de trabajo","Prestazioni ad alta velocità
 Velocità di lettura fino a 3700 MB/s*
 Velocità di scrittura fino a 3400 MB/s*
 
 Registrazione RAW video 8K
 Velocità di scrittura continuativa fino a 3200 MB/s*
 
 Tecnologia pSLC
 
 Lexar Recovery Tool
 
 VPG 400
 Garanzia prestazioni video
 
 Rivoluziona il tuo flusso di lavoro","Wysoka wydajność
 Szybkość odczytu do 3700 MB/s*
 Szybkość zapisu do 3400 MB/s*
 
 Rejestracja wideo w formacie 8K RAW
 Stała szybkość zapisu do 3200 MB/s*
 
 Technologia pSLC
 
 Narzędzie do odzyskiwania danych Lexar
 
 VPG 400
 Gwarantowana wydajność wideo
 
 Rewolucja podczas pracy","أداء عالي السرعة
 سرعات قراءة تصل إلى 3700 ميجابايت في الثانية*
 سرعات كتابة تصل إلى 3400 ميجابايت في الثانية*
 
 تسجيل مقاطع فيديو RAW بدقة 8K
 سرعات كتابة مستدامة تصل إلى 3200 ميجابايت في الثانية*
 
 تقنية pSLC
 
 أداة استعادة بيانات Lexar
 
 ضمان أداء الفيديو 400
 ضمان أداء الفيديو
 
 تغيير جذري في سير عملك","高速のパフォーマンス
 最大リード速度3700 MB/s*
 最大ライト速度3400 MB/s*
 
 8K RAWビデオ録画
 最大持続書き込み速度3200 MB/s*
 
 pSLC技術
 
 Lexar Recovery Tool
 
 VPG 400
 ビデオパフォーマンス保証
 
 ワークフローを改革","迈入CFexpress 4.0
高速存储新时代
读取速度高达 3700MB/s*
写入速度高达3400MB/s*

8K RAW 60P
电影级稳定表现

低耗长效 稳定可靠

高效后期
读速是关键

VPG400认证加持
电影级制作专业之选

数据恢复服务
全⽅位守护数据安全",,"Hiệu suất tốc độ cao
 Tốc độ đọc lên tới 3700 MB/s*
 Tốc độ ghi lên tới 3400 MB/s*
 
 Quay video 8K RAW
 Tốc độ ghi liên tục lên tới 3200 MB/s*
 
 Công nghệ pSLC
 
 Công cụ phục hồi của Lexar
 
 VPG 400
 Đảm bảo hiệu suất video
 
 Cách mạng hóa quy trình làm việc của bạn","Prestaties op hoge snelheid
 Leessnelheden tot 3700 MB/s*
 Schrijfsnelheden tot 3400 MB/s*
 
 8K RAW-video-opname
 Aanhoudende schrijfsnelheden tot 3200 MB/s*
 
 pSLC Technologie
 
 Lexar Recovery Tool
 
 VPG 400
 Gegarandeerde videoprestatie
 
 Breng uw workflow naar een hoger plan","Hög Hastighet Prestanda
 Läshastighet upp till 3700 MB/s*
 Skrivhastighet upp till 3400 MB/s*
 
 8K RAW-videoinspelning
 Bibehållen skrivhastighet upp till 3200 MB/s*
 
 pSLC-teknik
 
 Lexar återställningsverktyg
 
 VPG 400
 Garanterad videoprestanda
 
 Revolutionera arbetsflödet","Yüksek Hızlı Performans
 3700 MB/s'ye varan okuma hızları*
 3400 MB/s'ye varan yazma hızları*
 
 8K RAW Video Kaydı
 3200 MB/s'ye varan kesintisiz yazma hızları*
 
 pSLC Teknolojisi
 
 Lexar Kurtarma Aracı
 
 VPG 400
 Video Performansı Garantisi
 
 İş Akışınızda Devrim Yapın",,
,"Executive Member of CFA

As a key member of the CompactFlash® Association (CFA), Lexar plays an active role in developing CF, CFast, and CFexpress standards, striving to enhance product standardization and deliver memory cards that ensure superior stability and compatibility for consumers.","Exekutivmitglied der CFA
 
 Als wichtiges Mitglied der CompactFlash® Association (CFA) spielt Lexar eine aktive Rolle bei der Entwicklung der CF, CFast und CFexpress Standards, um die Produktstandardisierung zu verbessern und Speicherkarten anzubieten, die eine hohe Stabilität und Kompatibilität für Verbraucher gewährleisten.","Membre exécutif de la CFA
 
 En tant que membre clé de la CompactFlash® Association (CFA), Lexar joue un rôle actif dans le développement des normes CF, CFast et CFexpress, en s'efforçant d'améliorer la normalisation des produits et de fournir des cartes mémoire qui garantissent une stabilité et une compatibilité supérieures pour les consommateurs.","Miembro ejecutivo de la CFA
 
 Como miembro clave de la Asociación CompactFlash® (CFA), Lexar desempeña un papel activo en el desarrollo de estándares CF, CFast y CFexpress, esforzándose por mejorar la estandarización de productos y ofrecer tarjetas de memoria que garanticen una estabilidad y compatibilidad superiores para los consumidores.","Membro esecutivo di CFA
 
 Lexar è un importantissimo membro della CompactFlash® Association (CFA), e gioca un ruolo attivo nello sviluppo degli standard CF, CFast, e CFexpress, impegnandosi a migliorare la standardizzazione dei prodotti e a creare schede di memoria con maggiore stabilità e compatibilità per i consumatori.","Członek wykonawczy CFA
 
 Jako kluczowy członek stowarzyszenia CompactFlash® Association (CFA), firma Lexar aktywnie uczestniczy w opracowywaniu standardów CF, CFast i CFexpress, dążąc do większej standaryzacji produktów i dostarczania kart pamięci zapewniających konsumentom wyjątkową stabilność i zgodność z obsługiwanym przez nich wyposażeniem.","عضو تنفيذي في جمعية CompactFlash
 
 بصفتها عضوًا رئيسيًا في جمعية CompactFlash® (CFA)، تلعب شركة Lexar دورًا نشطًا في تطوير معايير CF و CFast و CFexpress، ساعيةً إلى تعزيز توحيد المنتجات وتوفير بطاقات ذاكرة تضمن استقرارًا وتوافقًا فائقين للمستهلكين.","CFAのエグゼクティブメンバー
 
 Lexarは、CompactFlash® Association（CFA）の主要メンバーとして、CF、CFast、CFexpress規格の開発において積極的な役割を果たし、製品標準化の向上に取り組むとともに、消費者に優れた安定性と互換性を確約するメモリカードを提供しています。","CFA协会执行委员 行业标准制定者

作为CompactFlash协会(CFA)核心成员，Lexar雷克沙与多个品牌相机厂商在CFexpress标准的制定与发展中发挥着重要作用，致力于为摄影用户提供以强稳定性和兼容性为基础的高性能存储卡",,"Thành viên điều hành của CFA
 
 Là thành viên chủ chốt của CompactFlash® Association (CFA), Lexar đóng vai trò tích cực trong việc phát triển các tiêu chuẩn CF, CFast và CFexpress, nỗ lực nâng cao quá trình tiêu chuẩn hóa sản phẩm, cung cấp thẻ nhớ đảm bảo tính ổn định và khả năng tương thích vượt trội cho người tiêu dùng.","Uitvoerend lid van CFA
 
 Lexar is belangrijk lid van de CompactFlash® Association (CFA), speelt een actieve rol bij de ontwikkeling van CF-, CFast- en CFexpress-standaarden, en streeft naar het verbeteren van productstandaardisatie en het leveren van geheugenkaarten die superieure stabiliteit en compatibiliteit voor consumenten garanderen.","Exekutiv medlem i CFA
 
 Som en central medlem i CompactFlash® Association (CFA), spelar Lexar en aktiv roll i utvecklingen av CF-, CFast- och CFexpress-standarder, där man strävar efter att förbättra produktstandardiseringen och tillhandahålla minneskort som säkerställer överlägsen stabilitet och kompatibilitet för konsumenter.","CFA Yönetim Kurulu Üyesi
 
 CompactFlash® Association'ın (CFA) önemli üyelerinden biri olan Lexar; CF, CFast ve CFexpress standartlarını geliştirmekte aktif rol oynayarak ürün standardizasyonunu yükseltmeye ve tüketiciler için üstün istikrar ve uyumluluk sağlayan hafıza kartları sunmaya çalışmaktadır.",,
,"Born for the Professionals

With 28 years of expertise in memory card solutions, the Lexar professional series has earned a renowned reputation among professional photographers worldwide.
 ","Für Profis entwickelt
 
 Mit 28 Jahren Erfahrung in Speicherkartenlösungen hat sich die Lexar Professional Serie bei professionellen Fotografen weltweit einen Namen gemacht.","Née pour les professionnels
 
 Avec 28 ans d'expertise dans les gammes de modules de cartes mémoire, la série Lexar Professional a acquis une renommée parmi les photographes professionnels du monde entier.","Nacida para las profesionales
 
 Con más de 28 años de experiencia en soluciones de tarjetas de memoria, la serie Lexar Professional se ha ganado una reconocida reputación entre los fotógrafos profesionales de todo el mundo.","Nata per i professionisti
 
 Con 28 anni di esperienza nelle soluzioni per le schede di memoria, la serie Lexar Professional si è guadagnata una reputazione tra i fotografi professionisti in tutto il mondo.","Stworzona dla profesjonalistów
 
 Dzięki ponad 28-letniemu doświadczeniu w dziedzinie kart pamięci seria Lexar Professional cieszy się uznaniem zawodowych fotografów na całym świecie.","مخصصة للمحترفين
 
 اكتسبت سلسلة Lexar الاحترافية شهرة واسعة بين المصورين المحترفين حول العالم بفضل خبرة تمتد لأكثر من 28 عامًا في حلول بطاقات الذاكرة.","プロフェッショナル向けに設計
 
 メモリカードソリューションにおける28年の専門能力を擁するLexarのProfessionalシリーズは、世界中のプロ写真家の間で知られています。","为专业影像而生

Lexar雷克沙深耕存储卡28年余年，持续创新打造高性能存储产品，为专业摄影群体提供更高性能的存储产品和更好的摄影存储体验",,"Sản phẩm dành cho các chuyên gia
 
 Với 28 năm kinh nghiệm về các giải pháp thẻ nhớ, dòng sản phẩm Lexar Professional đã tạo được danh tiếng trong giới nhiếp ảnh gia chuyên nghiệp trên toàn thế giới.","Gemaakt voor professionals
 
 Dankzij meer dan 28 jaar expertise op het gebied van geheugenkaartoplossingen heeft de professionele serie van Lexar een gerenommeerde reputatie opgebouwd onder professionele fotografen de hele wereld.","Gjort för proffsen
 
 Med 28 års expertis inom minneskortslösningar, har Lexars Professional-serie fått ett välrenommerat rykte bland professionella fotografer över hela världen.","Profesyoneller için Geliştirildi
 
 Hafıza kartı çözümlerinde 28 yılı aşkın uzmanlıkla Lexar Professional serisi, dünyanın her yerindeki profesyonel fotoğrafçıların takdirini kazanmıştır.",,
,"Superior Performance
 
Harnessing cutting-edge PCIe 4.0 technology, this card delivers blistering read speeds up to 3700MB/s and write speeds up to 3400MB/s - perfect for capturing stunning 8K RAW videos with unmatched clarity.
 
Read speed up to 3700MB/s*
Write speed up to 3400MB/s*
Sustained write speed up to 3200MB/s*
","Überragende Leistung
 
 Diese Karte nutzt die neueste PCIe 4.0 Technologie und bietet Lesegeschwindigkeiten von bis zu 3.700 bzw. 3.400 MB/s, wodurch sie sich ideal für die Aufnahme von atemberaubenden 8K RAW Videos mit unübertroffener Klarheit eignet.
 
 Lesegeschwindigkeiten von bis zu 3700 MB/s*
 Schreibgeschwindigkeiten von bis zu 3400 MB/s*
 Dauerhafte Schreibgeschwindigkeiten von bis zu 3200 MB/s*","Performances supérieures
 
 Exploitant la technologie de pointe PCIe 4.0, cette carte offre des vitesses de lecture et d'écriture fulgurantes pouvant atteindre respectivement 3 700 et 3 400 Mo/s, ce qui la rend idéale pour capturer de superbes vidéos RAW 8K d'une clarté inégalée.
 
 Vitesses de lecture pouvant atteindre 3 700 Mo/s*
 Vitesses d'écriture pouvant atteindre 3 400 Mo/s*
 Vitesses d'écriture soutenues pouvant atteindre 3 200 Mo/s*","Rendimiento superior
 
 Aprovechando la tecnología PCIe 4.0 de vanguardia, esta tarjeta ofrece increíbles velocidades de lectura y escritura de hasta 3700 y 3400 MB/s, respectivamente, lo que la hace perfecta para capturar impresionantes vídeos RAW 8K con una claridad inigualable.
 
 Velocidades de lectura de hasta 3700 MB/s*
 Velocidades de escritura de hasta 3400 MB/s*
 Velocidades de escritura sostenidas de hasta 3200 MB/s*","Prestazioni superiori
 
 Questa scheda sfrutta la tecnologia d'avanguardia PCIe 4.0, e offre altissime velocità di lettura e scrittura fino a 3700 e 3400 MB/s rispettivamente, che la rendono la scelta perfetta per registrare stupendi video in 8K RAW con una chiarezza senza pari.
 
 Velocità di lettura fino a 3700 MB/s*
 Velocità di scrittura fino a 3400 MB/s*
 Velocità di scrittura continuativa fino a 3200 MB/s*","Wyjątkowa wydajność
 
 Wykorzystując nowatorską technologię PCIe 4.0, ta karta zapewnia maksymalną szybkość odczytu i zapisu, odpowiednio do 3700 i 3400 MB/s, dzięki czemu doskonale nadaje się do rejestracji zachwycających materiałów wideo w formacie 8K RAW z niezrównaną przejrzystością.
 
 Szybkość odczytu do 3700 MB/s*
 Szybkość zapisu do 3400 MB/s*
 Stała szybkość zapisu do 3200 MB/s*","أداء فائق
 
 باستخدام تقنية PCIe 4.0 المتقدمة، توفر هذه البطاقة سرعات قراءة وكتابة مذهلة تصل إلى 3700 و3400 ميجابايت في الثانية على التوالي، مما يجعلها مثالية لالتقاط مقاطع فيديو 8K RAW الرائعة بوضوح لا مثيل له.
 
 سرعات قراءة تصل إلى 3700 ميجابايت في الثانية*
 سرعات كتابة تصل إلى 3400 ميجابايت في الثانية*
 سرعات كتابة مستدامة تصل إلى 3200 ميجابايت في الثانية*","優れたパフォーマンス
 
 最先端のPCIe 4.0テクノロジーを搭載したこのカードは、最大リード3700 MB/s、最大ライト3400 MB/sの圧倒的なスピードを実現しており、比類ない鮮明さでの美しい8K RAWビデオ撮影に最適です。
 
 最大リード速度3700 MB/s*
 最大ライト速度3400 MB/s*
 最大持続書き込み速度3200 MB/s*","迈入CFexpress 4.0
高速存储新时代

采用新一代PCIe 4.0 协议传输标准，读取速度⾼达
3700MB/s，写⼊速度⾼达3400MB/s，持续写⼊速度不低于为3200MB/s*，为专业摄影师提供更加流畅的8K RAW视频拍摄体验

读取速度高达 3700MB/s*
写入速度高达 3400MB/s*
持续写入速度高达 3200MB/s*",,"Hiệu suất vượt trội
 
 Sử dụng công nghệ PCIe 4.0 tiên tiến, thẻ này mang lại tốc độ đọc và ghi cực nhanh lên tới 3700 và 3400 MB/s, đây chính là lựa chọn hoàn hảo để quay video 8K RAW tuyệt đẹp với độ rõ nét vượt trội.
 
 Tốc độ đọc lên tới 3700 MB/s*
 Tốc độ ghi lên tới 3400 MB/s*
 Tốc độ ghi liên tục lên tới 3200 MB/s*","Superieure prestaties
 
 Deze kaart maakt gebruik van de allernieuwste PCIe 4.0-technologie en levert razendsnelle lees- en schrijfsnelheden tot respectievelijk 3700 en 3400 MB/s, waardoor hij perfect is voor het vastleggen van verbluffende 8K RAW-video's met ongeëvenaarde helderheid.
 
 Leessnelheden tot 3700 MB/s*
 Schrijfsnelheden tot 3400 MB/s*
 Aanhoudende schrijfsnelheden tot 3200 MB/s*","Överlägsen prestanda
 
 Detta kort har den senaste PCIe 4.0-tekniken och levererar läs- och skrivhastigheter på upp till 3700 respektive 3400 MB/s, vilket gör det perfekt för att spela in fantastiska 8K RAW-videor med oöverträffad skärpa.
 
 Läshastighet upp till 3700 MB/s*
 Skrivhastighet upp till 3400 MB/s*
 Bibehållen skrivhastighet upp till 3200 MB/s*","Üstün Performans
 
 En yeni PCIe 4.0 teknolojisini kullanan bu kart, 3700 MB/s'ye varan okuma ve 3400 MB/s'ye varan yazma hızlarıyla rakipsiz bir netlikle göz kamaştırıcı 8K RAW videolar çekmek için idealdir.
 
 3700 MB/s'ye varan okuma hızları*
 3400 MB/s'ye varan yazma hızları*
 3200 MB/s'ye varan kesintisiz yazma hızları*",,
,"2x Speed Boost Over CFexpress 2.0

Leveraging PCIe Gen 4.0 and NVMe high-speed protocols, CFexpress™ 4.0 achieves speeds that are twice as fast as CFexpress™ 2.0. Upgrade to CFexpress™ 4.0 to harness unmatched performance, enabling faster data transfers, streamlined workflows, and improved efficiency that distinguish it from its predecessor.","Doppelt so schnell wie CFexpress 2.0
 
 Mit den High-Speed PCIe Gen 4.0 und NVMe Protokollen ist CFexpress™ 4.0 doppelt so schnell wie CFexpress™ 2.0. Aktualisieren Sie auf CFexpress™ 4.0 und profitieren Sie von unübertroffener Leistung, schnelleren Datenübertragungen, optimierten Workflows und verbesserter Effizienz, die es von seinem Vorgänger unterscheidet.","Deux fois plus rapide que CFexpress 2.0
 
 Exploitant les protocoles PCIe Gen 4.0 et NVMe à haute vitesse, CFexpress™ 4.0 atteint une vitesse deux fois supérieure à celle de CFexpress™ 2.0. Passez à CFexpress™ 4.0 pour exploiter des performances inégalées, permettant des transferts de données plus rapides, des flux de travail rationalisés et une efficacité améliorée qui la distinguent de son prédécesseur.","Dos veces más rápido que CFexpress 2.0
 
 Al aprovechar los protocolos PCIe Gen 4.0 y NVMe de alta velocidad, CFexpress™ 4.0 logra el doble de velocidad que CFexpress™ 2.0. Actualice a CFexpress™ 4.0 para aprovechar un rendimiento inigualable, lo que permite transferencias de datos más rápidas, flujos de trabajo optimizados y una eficiencia mejorada que lo distinguen de su predecesor.","Velocità doppia rispetto alle CFexpress 2.0
 
 La CFexpress™ 4.0 sfrutta il PCIe 4.0 ad alta velocità e i protocolli NVMe, grazie ai quali offre velocità doppie rispetto alle CFexpress™ 2.0. Passa a CFexpress™ 4.0 per sfruttare prestazioni senza pari, trasferire più velocemente i tuoi dati, accelerare il tuoi flussi di lavoro, e migliorare l'efficenza rispetto alle versioni precedenti.","Dwa razy szybciej niż CFexpress 2.0
 
 Dzięki wykorzystaniu protokołów wysokiej prędkości PCIe Gen 4.0 i NVMe szybkość oferowana przez kartę CFexpress™ 4.0 jest dwukrotnie wyższa niż w przypadku karty CFexpress™ 2.0. Usprawnij pracę, stawiając na CFexpress™ 4.0, aby wykorzystać niezrównaną wydajność, cieszyć się szybszym transferem danych, usprawnieniem przebiegu pracy i zwiększoną efektywnością, które wyróżniają to rozwiązanie od poprzednika.","أسرع مرتين من CFexpress 2.0
 
 باستخدام تقنية PCIe Gen 4.0 عالية السرعة وبروتوكولات NVMe، تحقق CFexpress™ 4.0 ضعف سرعة CFexpress™ 2.0. يمكنك الترقية إلى CFexpress™ 4.0 للاستفادة من الأداء غير المسبوق، مما يتيح لك عمليات نقل بيانات أسرع وسير عمل مبسط وكفاءة محسّنة تميزها عن سابقتها.","CFexpress 2.0の2倍高速
 
 高速のPCIe Gen 4.0およびNVMeプロトコルを活用し、CFexpress™ 4.0はCFexpress™ 2.0と比較して2倍の高速性を達成しています。CFexpress™ 4.0にアップグレードすることで、比類ないパフォーマンスを発揮し、より高速のデータ転送、効率的なワークフロー、向上された効率を可能にしており、従来の製品とは一線を画しています。","双倍性能 效率翻倍

得益于PCIe 4.0和NVMe高速传输协议加持，CFexpress™ 4.0存储卡的传输速度是CFexpress™ 2.0的两倍*。选择雷克沙CFexpress™4.0存储卡，可实现拍摄、后期处理工作效率翻倍提升",,"Nhanh gấp đôi CFexpress 2.0
 
 Tận dụng giao thức PCIe Gen 4.0 và NVMe tốc độ cao, CFexpress™ 4.0 đạt tốc độ gấp đôi CFexpress™ 2.0. Hãy nâng cấp lên CFexpress™ 4.0 để khai thác hiệu suất vượt trội, cho phép truyền dữ liệu nhanh hơn, hợp lý hóa quy trình làm việc và cải thiện hiệu quả, những điều này khiến sản phẩm vượt trội hơn hẳn so với các dòng trước đây.","Twee keer zo snel als CFexpress 2.0
 
 Door gebruik te maken van hoge snelheid PCIe Gen 4.0- en NVMe-protocollen, bereikt CFexpress™ 4.0 twee keer de snelheid van CFexpress™ 2.0. Upgrade naar CFexpress™ 4.0 en profiteer van ongeëvenaarde prestaties, snellere gegevensoverdracht, gestroomlijnde workflows en verbeterde efficiëntie die het onderscheiden van zijn voorganger.","Dubbelt så snabbt som CFexpress 2.0
 
 Tack vare PCIe Gen 4.0- och NVMe-höghastighetsprotokoll, uppnår CFexpress™ 4.0 dubbelt så hög hastighet som CFexpress™ 2.0. Uppgradera till CFexpress™ 4.0 för att få oöverträffad prestanda, som möjliggör snabbare dataöverföringar, strömlinjeformade arbetsflöden och förbättrad effektivitet som skiljer det från sin föregångare.","CFexpress 2.0'dan İki Kat Daha Hızlı
 
 Yüksek hızlı PCIe Gen 4.0 ve NVMe protokollerinden faydalanan CFexpress™ 4.0, CFexpress™ 2.0'dan iki kat daha fazla hızlara ulaşıyor. CFexpress™ 4.0'a geçerek rakipsiz performansa sahip olan ve önceki teknolojiden farklı olarak hızlı veri aktarımlarına, kolay iş akışlarına ve gelişmiş verimliliğe sahip olun.",,
,"Revolutionize Your Post-Production Workflow

Experience industry-leading read speeds, revolutionizing post-production efficiency. Combine it with the Lexar Professional Workflow CFexpress 4.0 Type B Card Reader to speed up your workflow to twice as fast as CFexpress 2.0.","Revolutionieren Sie Ihren Arbeitsablauf in der Nachbearbeitung
 
 Erleben Sie branchenführende Lesegeschwindigkeiten und revolutionieren Sie die Effizienz Ihrer Nachbearbeitung. Kombinieren Sie die Karte mit dem Lexar Professional Workflow CFexpress 4.0 Typ B Kartenleser und beschleunigen Sie Ihren Arbeitsablauf auf die doppelte Geschwindigkeit von CFexpress 2.0.","Révolutionnez votre flux de post-production
 
 Découvrez les vitesses de lecture les plus élevées de l'industrie et révolutionnez l'efficacité de votre post-production. Combinez la carte avec le lecteur de carte Lexar Professional Workflow CFexpress 4.0 Type B pour accélérer votre flux de travail jusqu'à deux fois la vitesse de CFexpress 2.0.","Revolucione su flujo de trabajo de posproducción
 
 Experimente velocidades de lectura líderes en la industria y revolucione su eficiencia de posproducción. Combine la tarjeta con el lector de tarjetas Lexar Professional Workflow CFexpress 4.0 Tipo B para acelerar su flujo de trabajo al doble de velocidad que CFexpress 2.0.","Rivoluziona il tuo flusso di lavoro in post-produzione
 
 Goditi delle velocità di lettura tra le più alte del settore e rivoluziona la tua efficenza in post-produzione. Combina questa scheda con il lettore di schede Lexar Professional Workflow CFexpress 4.0 tipo B per accelerare il tuo flusso di lavoro a velocità doppie rispetto alle CFexpress 2.0.","Rewolucja pracy przy postprodukcji
 
 Ciesz się wiodącą w branży szybkością odczytu i zrewolucjonizuj przebieg czynności postprodukcyjnych, zyskując większą efektywność. Połącz kartę z czytnikiem kart Lexar Professional Workflow CFexpress 4.0 typu B, aby dwukrotnie przyspieszyć przebieg pracy w porównaniu z rozwiązaniem CFexpress 2.0.","تجربة جديدة كليًا في مرحلة ما بعد الإنتاج
 
 استمتع بأسرع سرعات قراءة متاحة في السوق وغيّر طريقة عملك في مرحلة ما بعد الإنتاج. اجمع البطاقة مع قارئ Lexar Professional Workflow CFexpress 4.0 Type B لتسريع سير عملك إلى ضعف سرعة CFexpress 2.0.","ポストプロダクション作業を改革
 
 ポストプロダクションの効率に革命をもたらす業界トップクラスのリード速度を体験してください。このカードをLexar Professional Workflow CFexpress 4.0 Type Bカードリーダーと組み合わせることで、CFexpress 2.0の2倍の速度にワークフローを加速させることができます。","高效后期 读速是关键

搭配Lexar CFexpress 4.0 Type B专用读卡器，面对超大内存的电影级素材，也能更高速地进行数据传输，让后期工作流程更高效

读取速度高达 3700MB/s*",,"Cách mạng hóa quy trình làm việc hậu kỳ của bạn
 
 Trải nghiệm tốc độ đọc hàng đầu trong ngành và cách mạng hóa hiệu quả hậu kỳ của bạn. Hãy kết hợp thẻ với Đầu đọc thẻ Lexar Professional Workflow CFexpress 4.0 Type B để tăng tốc quy trình làm việc của bạn nhanh hơn gấp đôi so với CFexpress 2.0.","Breng uw post-productie workflow naar een hoger plan
 
 Ervaar toonaangevende leessnelheden en breng uw postproductie-efficiëntie naar een hoger plan. Combineer de kaart met de Lexar Professional Workflow CFexpress 4.0 Type B-kaartlezer om uw workflow te versnellen tot twee keer de snelheid van CFexpress 2.0.","Revolutionera efterproduktionens arbetsflöde
 
 Upplev branschledande läshastigheter och revolutionera efterproduktionseffektiviteten. Kombinera kortet med Lexar Professional Workflow CFexpress 4.0 Typ B-kortläsaren för att snabba upp arbetsflödet till dubbelt så hög hastighet jämfört med CFexpress 2.0.","Post Prodüksiyon İş Akışınızda Devrim Yapın
 
 Endüstri lideri okuma hızlarını deneyimleyin ve post prodüksiyon verimliliğinizde devrim yapın. Lexar Professional Workflow CFexpress 4.0 Tip B Kart Okuyucu kullanarak iş akışınızı CFexpress 2.0 hızının iki katına kadar hızlandırın.",,
,"Capture Cinema-Quality Video

Enjoy blazing-fast 3200MB/s minimum sustained write speeds, making it easier for videographers of all skill levels to capture and process 8K RAW videos.","Aufnahme von Videos in Kinoqualität
 
 Genießen Sie blitzschnelle dauerhafte Schreibgeschwindigkeiten von mindestens 3200 MB/s, die es Videofilmern aller Erfahrungsstufen erleichtern, 8K RAW Videos aufzunehmen und zu verarbeiten.","Capturez des vidéos de qualité cinématographique
 
 Profitez de vitesses d'écriture soutenues minimales de 3 200 Mo/s qui facilitent la capture et le traitement de vidéos RAW 8K pour les vidéastes de tous niveaux.","Capture vídeo con calidad de cine
 
 Disfrute de velocidades de escritura sostenidas increíblemente rápidas de 3200 MB/s como mínimo, que permiten a los videógrafos de todos los niveles capturar y procesar vídeos RAW 8K.","Registra video di qualità cinematografica
 
 Goditi elevatissime velocità di scrittura continuativa di almeno 3200 MB/s, grazie alle quali per i videografi di qualunque livello di abilità è più facile registrare e processare video in 8K RAW.","Rejestracja kinowej jakości wideo
 
 Ciesz się niesamowitą stałą szybkością zapisu 3200 MB/s, dzięki której filmowcy jeszcze łatwiej rejestrują i przetwarzają materiały wideo w formacie 8K RAW, niezależnie od poziomu umiejętności.","التقاط مقاطع فيديو بجودة سينمائية
 
 استمتع بسرعات كتابة مستدامة تصل إلى 3200 ميجابايت في الثانية، مما يسهل على مصوري الفيديو من جميع المستويات التقاط ومعالجة مقاطع فيديو RAW بدقة 8K.","シネマクオリティの動画を撮影
 
 3200 MB/sという超高速の最低持続書き込み速度により、あらゆるスキルレベルの映像作家が簡単に8K RAWビデオを撮影し、処理することができます。","8K RAW 60P
电影级稳定表现

持续写入速度高达3200MB/s，为流畅录制8K RAW 60P*超高清画质电影级视频提供强大支持，是专业摄影者视频创作的首选利器",,"Quay video chất lượng điện ảnh
 
 Tận hưởng tốc độ ghi liên tục tối thiểu 3200 MB/s cực nhanh, giúp các nhà quay phim ở mọi cấp độ kỹ năng dễ dàng quay và xử lý video 8K RAW.","Maak video's van bioscoopkwaliteit
 
 Profiteer van razendsnelle minimale aanhoudende schrijfsnelheden van 3200 MB/s die het voor videografen van alle niveaus gemakkelijker maken om 8K RAW-video's vast te leggen en te verwerken.","Spela in video i biokvalitet
 
 Upplev blixtsnabba 3200 MB/s lägsta bibehållen skrivhastighet som gör det enklare för filmskapare på alla nivåer att spela in och bearbeta 8K RAW-videor.","Sinema Kalitesinde Videolar Çekin
 
 Tüm beceri seviyelerindeki videografikerlerin 8K RAW videolar çekmesini ve işlemesini kolaylaştıran son derece hızlı 3200 MB/s minimum kesintisiz yazma hızlarının keyfini çıkarın.",,
,"VPG400 Certification from CFA

Backed by rigorous VPG400 certification from CFA, this card delivers unparalleled smoothness and stability for advanced cinematic video recording.","VPG400 Zertifizierung durch CFA
 
 Unterstützt durch die strenge VPG400 Zertifizierung von CFA, bietet diese Karte eine unvergleichliche Ausdauer und Stabilität für fortschrittliche filmische Videoaufnahmen.","Certification VPG400 du CFA
 
 Bénéficiant de la certification rigoureuse VPG400 de la CFA, cette carte offre une fluidité et une stabilité inégalées pour l'enregistrement de vidéos cinématiques avancées.","Certificación VPG400 de CFA
 
 Respaldada por la rigurosa certificación VPG400 de CFA, esta tarjeta ofrece una suavidad y estabilidad incomparables para la grabación de vídeos cinemáticos avanzados.","Certificazione VPG400 dal CFA
 
 Questa scheda, con la sua rigorosa certificazione VPG400 della CFA, offre continuità e stabilità senza pari per registrazioni video di qualità cinematografica avanzata.","Certyfikacja VPG400 od CFA
 
 Poparta rygorystycznym certyfikatem VPG400 od CFA, karta ta zapewnia niezrównaną wydajność i stabilność, umożliwiając zaawansowaną rejestrację filmowych materiałów wideo.","حاصلة على شهادة VPG400 من جمعية CompactFlash
 
 مدعومة بشهادة VPG400 الصارمة من جمعية CompactFlash، توفر هذه البطاقة سلاسة واستقرارًا غير مسبوقين لتسجيل الفيديو السينمائي المتقدم.","CFAのVPG400認証取得
 
 CFAの厳格なVPG400認証取得により裏打ちされたこのカードは、高度なシネマティック録画に比類ない滑らかさと安定性をもたらします。","VPG400认证加持
电影级制作专业之选

雷克沙Lexar Professional DIAMOND CFexpress4.0 Type B系列存储卡均通过CFA协会官方认证，符合VPG400视频速度等级标准，确保了在高分辨率视频录制中的流畅体验",,"Chứng nhận VPG400 từ CFA
 
 Được đảm bảo bằng chứng nhận VPG400 nghiêm ngặt từ CFA, thẻ này mang lại độ mượt mà và ổn định vượt trội cho khả năng ghi video điện ảnh tiên tiến.","VPG400-certificering van CFA
 
 Deze kaart, ondersteund door strenge VPG400-certificering van CFA, levert ongeëvenaarde soepelheid en stabiliteit voor geavanceerde filmische video-opnamen.","VPG400-certifiering från CFA
 
 Uppbackat av rigorös VPG400-certifiering från CFA, levererar detta kort oöverträffad smidighet och stabilitet för avancerad videoinspelning i biokvalitet.","CFA'dan VPG400 Sertifikası
 
 CFA'nın ciddi VPG400 sertifikasıyla desteklenen bu kart, ileri düzey sinematik video çekimleri için benzersiz akıcılık ve istikrar sağlar.",,
,"Enhanced Endurance, Stability, and Performance

Leveraging pSLC technology, these cards deliver a longer life span (up to 30000TBW), increased data reliability, lower power consumption, and the ability to store data for longer.","Verbesserte Haltbarkeit, Stabilität und Leistung
 
 Diese Karten nutzen die pSLC Technologie und bieten eine längere Lebensdauer (bis zu 30.000 TBW), verbesserte Datensicherheit, geringeren Stromverbrauch und die Möglichkeit, Daten länger zu speichern.","Endurance, stabilité et performances améliorées
 
 S'appuyant sur la technologie pSLC, ces cartes offrent une durée de vie plus longue (jusqu'à 30 000 TBW), une fiabilité accrue des données, une consommation d'énergie réduite et la possibilité de stocker des données plus longtemps.","Mayor resistencia, estabilidad y rendimiento
 
 Aprovechando la tecnología pSLC, estas tarjetas ofrecen una vida útil más larga (hasta 30 000 TBW), mayor fiabilidad de los datos, menor consumo de energía y la capacidad de almacenar datos durante más tiempo.","Maggiore durata e stabilità, migliori prestazioni
 
 Queste schede sfruttano la tecnologia pSLC e durano di più (fino a 30.000 TBW), sono più affidabili, consumano di meno e permettono di conservare i dati più a lungo.","Większa wytrzymałość, stabilność i wydajność
 
 Dzięki wykorzystaniu technologii pSLC te karty zapewniają dłuższy okres eksploatacji (do 30 000 TBW), większą niezawodność danych, niższy pobór mocy i możliwość dłuższego przechowywania danych.","تحسين القدرة على التحمل والاستقرار والأداء
 
 تعتمد هذه البطاقات على تقنية pSLC لتوفير عمر خدمة ممتد (يصل إلى 30000 تيرابايت كتابة)، وموثوقية بيانات محسّنة، واستهلاك طاقة أقل، والقدرة على تخزين البيانات لفترة أطول.","強化された耐久性、安定性、パフォーマンス
 
 これらのカードは、pSLC技術を活用し、より長寿命（最大30000 TBW）、より高いデータ信頼性、より低い消費電力、より長くデータを保存する能力を提供します。","低耗长效 稳定可靠

采用尖端pSLC技术，雷克沙DIAMOND CFexpress 4.0 Type B存储卡擦写寿命翻倍至30,000 TBW，确保了其卓越的稳定性与数据安全。此外，集成自研温控技术，有效降低了功耗与发热，让长时间视频录制轻松自如",,"Cải thiện độ bền, độ ổn định và hiệu suất
 
 Tận dụng công nghệ pSLC, những thẻ này có tuổi thọ dài hơn (lên tới 30000 TBW), tăng độ tin cậy của dữ liệu, giảm mức tiêu thụ điện năng và tăng khả năng lưu trữ dữ liệu trong thời gian dài hơn.","Verbeterd verwerkingsvermogen, stabiliteit en prestaties
 
 Door gebruik te maken van pSLC-technologie bieden deze kaarten een langere levensduur (tot 30.000 TBW), een grotere betrouwbaarheid van gegevens, een lager stroomverbruik en de mogelijkheid om gegevens langer op te slaan.","Förbättrad kapacitet, stabilitet och prestanda
 
 Med hjälp av pSLC-teknik erbjuder dessa kort en längre livslängd (upp till 30000 TBW), ökad datatillförlitlighet, lägre strömförbrukning och möjlighet att lagra data längre.","Gelişmiş Sağlamlık, İstikrar ve Performans
 
 pSLC teknolojisinden faydalanan bu kartlar uzun hizmet ömrü (30.000 TBW'ye kadar), iyileştirilmiş veri güvenilirliği, düşük güç tüketimi ve daha uzun süre veri saklama becerisi sunar.",,
,"Built-in Durability

This CFexpress card is also designed to be temperature-proof, vibration-resistant, 12,000x wear-out resistant, dust-proof (IP5X), 5m drop-proof, shock-resistant, 7x more compression-resistant than SD cards, and bend-resistant.

Temperature-Proof
Vibration-Resistant
IP5X Dust-Proof
Shock-Resistant
Wear-out Resistance:up to 12,000 swipes
5m Drop-Proof
Bend-Resistant
70N Pressure Proof","Integrierte Haltbarkeit
 
 Diese CFexpress Karte ist temperaturbeständig, vibrationsfest, verschleißfest bis zu 12.000 Wechsel, staubdicht (IP5X), 5 m sturzsicher, stoßfest, 7-mal widerstandsfähiger als SD-Karten und verbiegungssicher.
 
 Temperaturbeständig
 Vibrationsfest
 IP5X Staubdicht
 Stoßfest
 Verschleißfest bis zu 12.000 Wechsel
 5 m Sturzsicher
 Verbiegungssicher
 70 N Druckfest","Durabilité intégrée
 
 Cette carte CFexpress résiste à la température, aux vibrations, à l'usure jusqu'à 12 000 passages, à la poussière (IP5X), aux chutes de 5 m, aux chocs, présente une résistance à la compression 7 fois supérieure à celle des cartes SD et à la flexion.
 
 Résistance à la température
 Résistance aux vibrations
 Protection IP5X contre la poussière
 Résistance aux chocs
 Résistance à l'usure jusqu'à 12 000 passages
 Protection contre les chutes de 5 m
 Résistance à la flexion
 Résistance à une pression de 70 N","Durabilidad incorporada
 
 Esta tarjeta CFexpress es resistente a la temperatura, a la vibración, al desgaste hasta 12 000 pasadas, al polvo (IP5X), a las caídas de 5 m, a los golpes, 7 veces más resistente a la compresión que las tarjetas SD y resistente a las curvaturas.
 
 Resistente a la temperatura
 Resistente a las vibraciones
 IP5X a prueba de polvo
 Resistente a los golpes
 Resistente al desgaste hasta 12 000 pasadas
 Resistente a caídas de 5 m
 Resistente a curvaturas
 Prueba de presión 70 N","Costruita per durare
 
 La scheda CFexpress resiste a temperature estreme, vibrazioni, usura fino a 12.000 strofinamenti, polvere (IP5X), cadute fino a 5 m, urti e piegature, ha una resistenza alla compressione 7 volte maggiore delle schede SD.
 
 Resistente a temperature estreme
 Resistente alle vibrazioni
 Antipolvere IP5X
 Resistente agli urti
 Resistente all'usura fino a 12.000 strofinamenti
 Resistente a cadute da 5 m
 Resistente alle piegature
 Resistente a pressioni fino a 70 N","Wbudowana trwałość
 
 Ta karta CFexpress jest odporna na temperatury, drgania, zużycie (do 12 000 odczytów), jest pyłoszczelna (IP5X), odporna na upadki z wysokości 5 m i wstrząsy, a także 7 razy bardziej wytrzymała na nacisk w porównaniu z kartami SD oraz odporna na zginanie.
 
 Odporność na temperatury
 Odporność na drgania
 Pyłoszczelność IP5X
 Odporność na wstrząsy
 Odporność na zużycie – do 12 000 odczytów
 Odporność na upadki z wysokości 5 m
 Odporność na zginanie
 Wytrzymałość na nacisk do 70 N","متانة فائقة
 
 تتميز هذه البطاقة من نوع CFexpress بمقاومة درجات الحرارة والاهتزازات والارتداء حتى 12,000 مسحة، ومقاومة الغبار (IP5X)، ومقاومة السقوط من ارتفاع 5 أمتار، ومقاومة الصدمات، ومقاومة الانحناء 7 مرات أكثر من بطاقات SD.
 
 مقاومة لدرجات الحرارة
 مقاومة للاهتزاز
 مقاومة للغبار بدرجة IP5X
 مقاومة للصدمات
 مقاومة للتآكل حتى 12,000 مسحة
 مقاومة للسقوط من ارتفاع 5 أمتار
 مقاومة للانحناء
 مقاومة للضغط حتى 70 نيوتن","組み込まれた耐久性
 
 このCFexpressカードは、温度耐性、耐振動性、最大12,000回のスワイプに耐える耐摩耗性、防塵性（IP5X）、5 mの耐落下性、耐衝撃性、SDカードの7倍に達する耐圧性、耐屈曲性を備えています。
 
 温度耐性
 耐振動性
 IP5Xの防塵性
 耐衝撃性
 最大12,000回のスワイプに耐える耐摩耗性
 5 mの耐落下性
 耐屈曲性
 70 Nの耐圧性","生而强大 耐力十足

高达12000次耐磨损，IP5X防尘规格，5米防摔，70N抗压（是普通SD卡的7倍），同时具备耐高低温、防震、防冲击等强大耐用性能

耐高低温
防震
IP5X防尘
防冲击
高达12000次插拔
5米防摔
耐弯折
70N抗压强度

",,"Độ bền tích hợp
 
 Thẻ CFexpress này có khả năng chịu nhiệt, chống rung, chống mài mòn lên tới 12.000 lần tháo lắp, chống bụi (IP5X), chịu lực rơi từ độ cao 5 m, chống sốc, chống nén gấp 7 lần so với thẻ SD và chống uốn cong.
 
 Chịu nhiệt
 Chống rung
 Chống bụi IP5X
 Chống sốc
 Chống mài mòn lên tới 12.000 lần tháo lắp
 Chịu lực rơi từ độ cao 5 m
 Chống uốn cong
 Chịu áp suất 70 N","Ingebouwde duurzaamheid
 
 Deze CFexpress-kaart is temperatuurbestendig, trillingsbestendig, slijtvast tot 12.000 swipes, stofdicht (IP5X), valbestendig tot 5 meter, schokbestendig, 7 keer beter bestand tegen compressie dan SD-kaarten en buigbestendig.
 
 Hittebestendig
 Trillingsbestendig
 IP5X-stofdicht
 Schokbestendig
 Slijtvast tot 12.000 swipes
 Valbestendig tot 5 meter
 Buigbestendig
 70 N drukbestendig","Inbyggd hållbarhet
 
 Detta CFexpress-kort är temperaturbeständigt, vibrationsbeständigt, slitstarkt, kan svajpas upp till 12 000 gånger, dammtåligt (IP5X), klarar 5 meters fall, stöttåligt, 7 gånger mer kompressionsbeständigt än SD-kort och det har ett böjmotstånd.
 
 Temperaturbeständig
 Vibrationsbeständig
 IP5X-dammtät
 Stöttålig
 Slitstarkt, kan svajpas upp till 12 000 gånger
 Klarar 5 m fall
 Böjmotstånd
 70 N tryckbeständig","Yerleşik Dayanıklılık
 
 Bu CFexpress kart ısıya, titreşime, 12.000 kez çıkarmaya kadar aşınmaya, toza (IP5X), 5 metreden düşmeye, şoka, SD kartlardan 7 kat daha fazla baskıya ve bükülmeye dayanıklıdır.
 
 Isıya dayanıklı
 Titreşime dayanıklı
 IP5X toza dayanıklı
 Şoka dayanıklı
 12.000 kez çıkarmaya kadar aşınmaya dayanıklı
 5 metreden düşmeye dayanıklı
 Bükülmeye dayanıklı
 70 N basınca dayanıklı",,
,"Lexar Recovery Tool

The Lexar Recovery Tool helps you recover accidentally deleted and formatted pictures or video files. Moreover, a limited lifetime warranty provides extra peace of mind. ","Lexar Recovery Tool
 
 Das Lexar Recovery Tool hilft Ihnen, versehentlich gelöschte oder formatierte Bild- oder Videodateien wiederherzustellen. Zudem sorgt eine beschränkte lebenslange Garantie für mehr Sicherheit.","Lexar Recovery Tool
 
 Lexar Recovery Tool vous aide à récupérer des images ou des fichiers vidéo accidentellement supprimés et formatés. De plus, une garantie à vie limitée offre une tranquillité d'esprit supplémentaire.","Lexar Recovery Tool
 
 Lexar Recovery Tool le ayuda a recuperar archivos de imágenes o vídeos eliminados o formateados accidentalmente. Además, una garantía limitada de por vida proporciona mayor tranquilidad.","Lexar Recovery Tool
 
 Il Lexar Recovery Tool ti aiuta a ripristinare file di immagini e video cancellati per sbaglio. E la garanzia limitata a vita ti dà ulteriore tranquillità.","Narzędzie do odzyskiwania danych Lexar
 
 Narzędzie do odzyskiwania danych Lexar pomaga odzyskać przypadkowo usunięte i sformatowane pliki obrazów lub filmów. Co więcej, dożywotnia ograniczona gwarancja zapewnia dodatkową pewność użytkowania.","أداة استعادة بيانات Lexar
 
 تساعد أداة استعادة بيانات Lexar في استعادة الصور أو ملفات الفيديو المحذوفة أو المنسقة عن طريق الخطأ. علاوةً على ذلك، يوفر الضمان المحدود مدى الحياة إحساسًا إضافيًا بالراحة.","Lexar Recovery Tool
 
 Lexar Recovery Toolは、うっかり削除あるいはフォーマットされた画像や動画ファイルの回復に役立ちます。さらに、制限付き無期限保証がさらなる安心感をもたらします。","数据恢复服务
全⽅位守护数据安全


选择Lexar存储卡，尊享Lexar Recovery Tool数据恢复软件终身免费权益，专为摄影用户设计，轻松恢复意外丢失的图片和视频文件",,"Công cụ phục hồi của Lexar
 
 Công cụ phục hồi của Lexar giúp bạn khôi phục tệp hình ảnh hoặc video vô tình bị xóa hoặc định dạng. Hơn nữa, bảo hành trọn đời có giới hạn sẽ giúp bạn an tâm hơn.","Lexar Recovery Tool
 
 Lexar Recovery Tool helpt u bij het herstellen van per ongeluk verwijderde en geformatteerde afbeeldingen of videobestanden. Bovendien zorgt een beperkte levenslange garantie voor extra gemoedsrust.","Lexar återställningsverktyg
 
 Lexar återställningsverktyg hjälper dig att återställa oavsiktligt raderade och formaterade bilder eller videofiler. En begränsad livstidsgaranti ger dessutom extra sinnesfrid.","Lexar Kurtarma Aracı
 
 Lexar Kurtarma Aracı sayesinde yanlışlıkla silinen ve biçimlendirilen görüntü veya video dosyalarını kurtarabilirsiniz. Üstelik sınırlı ömür boyu garanti ile kafanız rahat olur.",,
,"Rigorously Tested

All Lexar products undergo extensive testing in the Lexar Quality Labs, facilities with thousands of different cameras and digital devices to ensure performance, quality, compatibility, and reliability.","Rigoros getestet
 
 Alle Lexar Produkte werden in den Lexar Quality Labs mit Tausenden von verschiedenen Kameras und digitalen Geräten ausgiebig getestet, um Leistung, Qualität, Kompatibilität und Zuverlässigkeit zu gewährleisten.","Testé de façon rigoureuse
 
 Tous les produits Lexar sont testés de manière approfondie dans les laboratoires de qualité Lexar, sur des milliers de caméras et d'appareils numériques différents, afin d'assurer les performances, la qualité, la compatibilité et la fiabilité.","Rigurosamente probado
 
 Todos los productos Lexar se someten a amplias pruebas en Laboratorios de calidad Lexar, instalaciones con miles cámaras y dispositivos digitales, para garantizar el rendimiento, la calidad, la compatibilidad y la fiabilidad.","Rigorosamente testato
 
 Tutti i prodotti Lexar sono sottoposti a test approfonditi nei laboratori di qualità Lexar, strutture con migliaia di fotocamere e dispositivi digitali, per garantire prestazioni, qualità, compatibilità e affidabilità.","Rygorystyczne testy
 
 Wszystkie produkty Lexar są dokładnie testowane w laboratoriach Lexar Quality Labs wyposażonych w tysiące kamer i urządzeń cyfrowych, aby zapewnić wydajność, jakość, kompatybilność i niezawodność.","تم اختباره بدقة
 
 تخضع جميع منتجات Lexar لاختبارات مكثفة في معامل جودة Lexar، والمرافق التي تضم آلاف الكاميرات والأجهزة الرقمية المختلفة لضمان حسن الأداء والجودة والتوافق والموثوقية.","厳格なテストに合格
 
 すべてのLexar製品には、Lexar品質ラボにおいて、数千の異なるカメラやデジタル機器を使用して、性能、品質、互換性、信頼性を確認する広範なテストが実施されています。","卓越品质 
终身有限质保

所有Lexar雷克沙产品均经过雷克沙质量实验室专业设备的大量测试，为用户带来更高的稳定性、适用性与性能表现",,"Đã qua thử nghiệm nghiêm ngặt
 
 Tất cả các sản phẩm của Lexar đều được thử nghiệm rộng rãi tại Phòng thí nghiệm chất lượng của Lexar, các cơ sở với hàng nghìn máy ảnh và thiết bị kỹ thuật số khác nhau để đảm bảo hiệu suất, chất lượng, khả năng tương thích và độ tin cậy.","Grondig getest
 
 Alle Lexar-producten worden uitgebreid getest in de Lexar Quality Labs, faciliteiten met duizenden verschillende camera's en digitale apparaten om prestaties, kwaliteit, compatibiliteit en betrouwbaarheid te garanderen.","Noggrant Testad
 
 Alla Lexar-produkter testas noggrant i Lexar Quality Labs, anläggningar med mer än tusentals olika kameror och digitala enheter, för att säkerställa prestanda, kvalitet, kompatibilitet och tillförlitlighet.","Ağır Testler
 
 Tüm Lexar ürünleri performans, kalite, uyumluluk ve güvenilirlik konularından emin olmak için binlerce farklı kamera ve dijital cihazın bulunduğu Lexar Kalite Laboratuvarlarında yoğun testlere tabi tutulur.",,
,"NOTE:


* Speeds based on internal testing. Actual speed may vary depending on host device.
* Limited lifetime warranty is limited to 10 years from purchase in Germany and regions not recognizing lifetime warranty.
* Based on the published speeds of CFexpress 2.0 cards for comparison.
* Temperature-Proof: Operation -12°to 72°C, Storage -25°C to 85°C; Vibration Resistant: 10~2000Hz;Wear-out resistance: up to 12,000 times of plugging and unplugging,IP5X Dust-Proof;5-meter drop-proof; Shock Resistant: 1500G shock;70N compression resistance.
* Currently, existing cameras are still based on the CFexpress 2.0 standard, which cannot fully leverage the maximum speed of this card until CFexpress 4.0 cameras are introduced. Pairing the Lexar Professional Workflow CFexpress 4.0 Type B card reader can significantly boost post-processing efficiency.","Hinweise:
 
 * Die Geschwindigkeitsangaben basieren auf internen Tests. Die tatsächlichen Geschwindigkeiten können je nach Hostgerät variieren.
 * Die beschränkte lebenslange Garantie ist auf 10 Jahre ab Kaufdatum in Deutschland und anderen Regionen, die keine lebenslange Garantie anerkennen, begrenzt.
 * Basierend auf Benchmark Geschwindigkeiten von CFexpress 2.0 Karten zu Vergleichszwecken.
 * Temperaturbeständig: -12° bis 72°C (Betrieb), -25°C bis 85°C (Speicher); vibrationsfest: 10–2.000 Hz; verschleißfest: bis zu 12.000 Wechsel; staubdicht: IP5X; sturzsicher: 5 m; stoßfest: 1500 G Stöße; druckfest: 70 N.
 * Die verfügbaren Kameras basieren derzeit noch auf dem CFexpress 2.0 Standard. Die maximalen Geschwindigkeiten der Karte können daher erst dann genutzt werden, wenn Kameras auf den Markt kommen, die CFexpress 4.0 unterstützen. Die Kombination der Karte mit dem Lexar Professional Workflow CFexpress 4.0 Typ B Kartenleser kann die Effizienz der Nachbearbeitung erheblich steigern.","Notes :
 
 * Vitesses basées sur des tests internes. Les vitesses réelles peuvent varier en fonction du périphérique hôte.
 * La garantie à vie limitée est limitée à 10 ans à compter de la date d'achat en Allemagne et dans les autres régions ne reconnaissant pas la garantie à vie.
 * Basé sur les vitesses de référence des cartes CFexpress 2.0 à titre de comparaison.
 * Résistance à la température : -12° à 72°C (fonctionnement), -25°C à 85°C (stockage) ; Résistance aux vibrations : 10–2 000 Hz ; résistance à l'usure : jusqu'à 12 000 passages ; Protection contre la poussière : IP5X ; protection contre les chutes : 5 m ; résistance aux chocs : chocs de 1 500 G ; résistance à la compression : 70 N.
 * Les caméras existantes sont actuellement toujours basées sur la norme CFexpress 2.0. Par conséquent, les vitesses maximales de la carte ne peuvent pas être exploitées tant que les caméras prenant en charge CFexpress 4.0 ne sont pas introduites. L'association de la carte avec le lecteur de cartes Lexar Professional Workflow CFexpress 4.0 Type B permet d'améliorer considérablement l'efficacité du post-traitement.","Notas:
 
 * Velocidades basadas en pruebas internas. La velocidad real puede variar según el dispositivo host.
 * La garantía limitada de por vida está limitada a 10 años desde la compra en Alemania y las regiones que no reconocen la garantía de por vida.
 * Basado en las velocidades de referencia de las tarjetas CFexpress 2.0 para comparación.
 * Resistente a la temperatura: -12° a 72°C (funcionamiento), -25°C a 85°C (almacenamiento); resistente a las vibraciones: 10–2000 Hz; resistente al desgaste: hasta 12 000 pasadas; a prueba de polvo: IP5X; a prueba de caídas: 5 m; resistente a los golpes: Golpes de 1500 G; resistente a la compresión: 70 N.
 *Las cámaras existentes todavía se basan en el estándar CFexpress 2.0. Por lo tanto, no se podrán aprovechar las velocidades máximas de la tarjeta hasta que se introduzcan cámaras compatibles con CFexpress 4.0. La combinación de la tarjeta con el lector de tarjetas Lexar Professional Workflow CFexpress 4.0 Tipo B puede aumentar significativamente la eficiencia del posprocesamiento.","Note:
 
 * Valori di velocità basati su test interni. Le velocità effettive potrebbero variare a seconda del dispositivo host.
 * La garanzia limitata a vita è limitata a 10 anni dall'acquisto in Germania e in altre regioni in cui non è riconosciuta la garanzia a vita.
 * Basato sulle velocità di riferimento delle schede CFexpress 2.0 per confronto.
 * Resistente a temperature estreme: Da -12° a 72 °C (funzionamento), da -25 °C a 85 °C (stoccaggio); resistente alle vibrazioni: 10-2000 Hz; resistente all'usura: fino a 12.000 strofinamenti; resistente alla polvere: IP5X; resistente alle cadute: 5 m; resistente agli urti: urti di 1500 G; resistente alla compressione: 70 N.
 * Le fotocamere esistenti sono ancora basate sullo standard CFexpress 2.0. Quindi le velocità massime della scheda non si possono raggiungere finché non verranno prodotte fotocamere che supportino il CFexpress 4.0. Se si combina questa scheda con il lettore di schede tipo B Lexar Professional Workflow CFexpress 4.0 si può aumentare di molto l'efficienza della post-produzione.","Uwagi:
 
 * Prędkości uzyskane w testach wewnętrznych. Rzeczywista szybkość może się różnić w zależności od urządzenia macierzystego.
 * Ograniczona dożywotnia gwarancja obowiązuje przez 10 lat od daty zakupu w Niemczech oraz innych regionach nieuznających dożywotniej gwarancji.
 * Na podstawie szybkości referencyjnych kart CFexpress 2.0 dla porównania.
 * Odporność na temperatury: od -12° do 72°C (eksploatacja), od -25°C do 85°C (przechowywanie); odporność na drgania: 10 – 2000 Hz; odporność na zużycie: do 12 000 odczytów; pyłoszczelność: IP5X; odporność na upadki: 5 m; odporność na wstrząsy: wstrząsy do 1500 G; wytrzymałość na nacisk: 70 N.
 * Obecne kamery nadal opierają się na standardzie CFexpress 2.0. W związku z tym maksymalnych szybkości karty nie będzie można wykorzystać do czasu wprowadzenia obsługi standardu CFexpress 4.0 w aparatach i kamerach. Sparowanie karty z czytnikiem kart Lexar Professional Workflow CFexpress 4.0 typu B może znacząco zwiększyć efektywność pracy przy postprodukcji.","ملاحظات:
 
 *السرعات المذكورة تم اختبارها داخليًا من الشركة المُصنّعة. قد تختلف السرعات الفعلية بناءً على الجهاز المضيف.
 *يقتصر الضمان المحدود مدى الحياة على 10 سنوات من تاريخ الشراء في ألمانيا والمناطق الأخرى غير المعتمد بها الضمان مدى الحياة.
 *استنادًا إلى سرعات قياسية لبطاقات CFexpress 2.0 للمقارنة.
 *مقاومة لدرجات الحرارة: -12 درجة مئوية إلى 72 درجة مئوية (التشغيل)، -25 درجة مئوية إلى 85 درجة مئوية (التخزين)؛ مقاومة للاهتزاز: 10 - 2000 هرتز؛ مقاومة للتآكل: حتى 12,000 مسحة؛ مقاومة للغبار: IP5X؛ مقاومة للسقوط: 5 أمتار؛ مقاومة للصدمات: مصممة لتحمل صدمات قوية تصل إلى 1500 قوة جاذبية أرضية (G)؛ مقاومة للضغط: 70 نيوتن.
 *تعتمد الكاميرات الحالية حاليًا على معيار CFexpress 2.0. لذلك، لا يمكن الاستفادة من السرعات القصوى للبطاقة إلا عند طرح كاميرات تدعم CFexpress 4.0. يمكن أن يزيد اقتران البطاقة مع قارئ Lexar Professional Workflow CFexpress 4.0 Type B من كفاءة ما بعد الإنتاج بشكل كبير.","注意：
 
 * 速度は社内テストに基づいています。実際の速度はホスト機器によって異なる場合があります。
 * 制限付き無期限保証は、ドイツおよび無期限保証を認めていないその他の地域では、購入日から10年間に限定されます。
 * 比較用CFexpress 2.0カードのベンチマーク速度に基づいています。
 * 温度耐性：-12℃～72℃（動作時）、-25℃～85℃（保管時）、耐振動性：10～2000 Hz、耐摩耗性：最大12,000回のスワイプ、防塵性：IP5X、耐落下性：5 m、耐衝撃性：1500 Gの衝撃、耐圧性：70 N。
 * 既存のカメラは現時点で未だCFexpress 2.0規格に基づいています。このため、CFexpress 4.0に対応したカメラが登場するまで、カードの最大速度を発揮させることはできません。このカードをLexar Professional Workflow CFexpress 4.0 Type Bカードリーダーと組み合わせることで、後処理の効率を大幅に向上することができます。","* 数据来源于Lexar质量实验室，实际性能因设备差异，可能有所不同
* 目前相机/摄影机的存储卡槽仍遵CFexpress 2.0标准，尚未完全适配此卡的极速性能。但搭配雷克沙USB 4.0 CFexpress TypeB读卡器传输数据时能将传输速度提升一倍，让您的后期工作更加高效
* 基于Lexar已发布的CFexpress 2.0存储卡比较
*耐⾼低温：⼯作温度- 12°⾄72°C，存储温度- 25°C⾄85°C ；防震：10~2000Hz ；耐磨损：可达12000次插拔；防尘：IP5X防尘 ；防跌落：5⽶防跌落；防冲击:1500G冲击 ；抗压耐弯折：抗压强度70N
",,"Ghi chú:
 
 * Tốc độ dựa trên kết quả thử nghiệm nội bộ. Tốc độ thực tế có thể thay đổi tùy thuộc vào thiết bị lưu trữ.
 * Bảo hành trọn đời có giới hạn đến 10 năm kể từ ngày mua tại Đức và các khu vực khác không công nhận bảo hành trọn đời.
 * So sánh dựa trên tốc độ chuẩn của thẻ CFexpress 2.0.
 * Chịu nhiệt: -12° tới 72°C (vận hành), -25°C tới 85°C (bảo quản); chống rung: 10–2000 Hz; chống mài mòn: lên tới 12.000 lần tháo lắp; chống bụi: IP5X; chịu lực rơi: 5 m; chống sốc: va đập 1500 G; chống nén: 70 N.
 * Các máy ảnh hiện tại vẫn dựa trên tiêu chuẩn CFexpress 2.0. Do đó, không thể tận dụng tốc độ tối đa của thẻ cho đến khi các máy ảnh hỗ trợ CFexpress 4.0 được giới thiệu. Nếu ghép nối thẻ với Đầu đọc thẻ Lexar Professional Workflow CFexpress 4.0 Type B, hiệu quả xử lý hậu kỳ có thể tăng đáng kể.","Opmerkingen:
 
 * Snelheden gebaseerd op interne tests. De werkelijke snelheid kan variëren, afhankelijk van het hostapparaat.
 * Beperkte levenslange garantie tot 10 jaar vanaf aankoop in Duitsland en regio's die geen levenslange garantie erkennen.
 * Gebaseerd op de benchmarksnelheden van CFexpress 2.0-kaarten ter vergelijking.
 *Hittebestendig: -12° tot 72°C (bij gruik), -25°C tot 85°C (opslag); trillingsbestendig: 10–2000 Hz; slijtagebestendigheid: tot maximaal 12.000 swipes; stofdicht: IP5X; valbestendig: 5 meter; schokbestendig: 1500 G schokken; compressiebestendig: 70 N.
 * De bestaande camera's zijn momenteel nog gebaseerd op de CFexpress 2.0 standaard. Daarom kunnen de maximale snelheden van de kaart alleen worden benut als er camera's zijn die CFexpress 4.0 ondersteunen. Door de kaart te koppelen met de Lexar Professional Workflow CFexpress 4.0 Type B-kaartlezer kan de efficiëntie van de nabewerking aanzienlijk worden verhoogd.","Anmärkningar:
 
 * Hastigheter baserade på interna tester. Faktiska hastigheter kan variera beroende på värdenhet.
 * Begränsad livstidsgaranti är begränsad till 10 år från inköp i Tyskland och andra regioner som inte erkänner livstidsgaranti.
 * Baserat på riktmärkeshastigheterna för CFexpress 2.0-kort för jämförelse.
 * Temperaturbeständig: -12° C till 72 °C (drift), -25 °C till 85 °C (förvaring); vibrationsbeständig: 10-2000 Hz; slitstark: kan svajpas upp till 12 000 gånger; dammtät: IP5X; klarar fall: 5 m; stöttålig: 1500 G stötar; kompressionsbeständig: 70 N.
 * De kameror som finns på marknaden är för närvarande fortfarande baserade på CFexpress 2.0-standarden. Därför kan kortets maximala hastigheter inte utnyttjas förrän kameror som stöder CFexpress 4.0 lanseras. Att parkoppla kortet med Lexar Professional Workflow CFexpress 4.0 Typ B-kortläsare kan öka effektiviteten i efterproduktionen markant.","Notlar:
 
 * Hızlar dâhili testlere göredir. Gerçek hızlar kullanılan cihaza göre değişiklik gösterebilir.
 * Sınırlı ömür boyu garanti, Almanya ve ömür boyu garantiyi tanımayan diğer bölgeler için 10 yılla sınırlıdır.
 * CFexpress 2.0 kartlarla yapılan karşılaştırma testi hızlarına göre.
 * Isı direnci: -12° ila 72°C (çalışma), -25°C ila 85°C (saklama); titreşim direnci: 10-2000 Hz; aşınma direnci: 12.000 çıkarmaya kadar; toz direnci: IP5X; düşme direnci: 5 m; şok direnci: 1500 G şok; baskı direnci: 70 N.
 * Mevcut fotoğraf makineleri hâlâ CFexpress 2.0 standardını kullanmaktadır. Bu yüzden fotoğraf makinelerine CFexpress 4.0 standardı gelene kadar kartın maksimum hızlarından faydalanılamaz. Lexar Professional Workflow CFexpress 4.0 Tip B Kart Okuyucu kullanarak post prodüksiyon verimliliğinizi ciddi oranda artırabilirsiniz.",,