亚马逊需要9国语言,,,,,,,,,,,,亚马逊9国语言,,,,,,,,,,,,,,,
官网需要10国语言,官网10国语言,,,,,,,,,,,,,,,,,,,,,,,,,,
Reference,EN,需要翻译的语种,德DE,法FR,西班牙ES,意大利IT,波兰PL,阿拉伯AR,日本JP,中文CN,台湾TC,荷兰NL,瑞典SE,土耳其TR,,,,,,,,,,,,,
,"All-in-one
Workflow Solution

Lexar Professional Workflow","翻译8种官网语言
优先：德/法/西意/波兰/阿拉伯/日本/台湾","All-in-One Workflow Lösung
 
 Lexar Professional Workflow","Solution Workflow tout-en-un
 
 Lexar Professional Workflow","Solución de flujo de trabajo todo en uno
 
 Lexar Professional Workflow","Soluzione Workflow tutto in uno
 
 Lexar Professional Workflow","Organizacja przepływu pracy All-in-one
 
 Lexar Professional Workflow","حل Workflow متعدد الاستعمالات
 
 حل Professional Workflow من Lexar","オールインワンのワークフローソリューション
 
 Lexar Professional Workflow","专业后期新生产力
 
 Lexar Professional Workflow桌面备份站","多合一 Workflow 解決方案
 
 Lexar Professional Workflow",,,,,,,,,,,,,,,,
,"Six-Bay Design for
Flexible Combination

Dual Thunderbolt 4
Ports

Professional Workflow Series

Simultaneous Offloads

Redefine Efficiency

Industry-leading Card Readers

Cutting-edge Portable SSD",,"Six-Bay Design für flexible Kombination
 
 Dual Thunderbolt 4 Ports
 
 Professional Workflow Serie
 
 Simultanes Lesen
 
 Effizienz neu definiert
 
 Branchenführende Kartenleser
 
 Modernste tragbare SSD","Conception à six baies pour une combinaison flexible
 
 Deux ports Thunderbolt 4
 
 Série Professional Workflow
 
 Déchargements simultanés
 
 Redéfinir l'efficacité
 
 Lecteurs de cartes à la pointe de l'industrie
 
 SSD portable de pointe","Diseño de seis bahías para una combinación flexible
 
 Puertos duales Thunderbolt 4
 
 Serie Professional Workflow
 
 Descargas simultáneas
 
 Redefinir la eficiencia
 
 Lectores de tarjetas líderes en la industria
 
 SSD portátil avanzada","Progettazione a sei porte per combinazioni flessibili
 
 Doppie porte Thunderbolt 4
 
 Serie Professional Workflow
 
 Scaricamenti simultanei
 
 L’efficienza, ridefinita
 
 Lettori di schede all'avanguardia
 
 SSD portatile di altissima gamma","Sześć gniazd oznacza elastyczne możliwości
 
 Dwa gniazda Thunderbolt 4
 
 Seria Professional Workflow
 
 Równoczesne zgrywanie danych
 
 Wydajność zdefiniowana na nowo
 
 Wiodące w branży czytniki kart
 
 Najnowocześniejszy przenośny dysk SSD","تصميم بستة فتحات لتكوينات مرنة
 
 منافذ Thunderbolt 4 مزدوجة
 
 سلسلة Professional Workflow Series
 
 تحميل البيانات بشكل متزامن
 
 إعادة تعريف الكفاءة
 
 أجهزة قراءة بطاقات رائدة في المجال
 
 محرك أقراص SSD محمول متطور","6ベイ設計で柔軟な組み合わせを実現
 
 デュアルThunderbolt 4ポート
 
 Professional Workflowシリーズ
 
 同時オフロード
 
 効率を再定義
 
 業界をリードするカードリーダー
 
 最先端のポータブルSSD","模块化设计
 自由组合
 
 Thunderbolt 4 接口 高速传输
 
 Professional Workflow 系列
 
 六盘同读
 
 效率飙升
 
 支持多种读卡器
 
 支持移动固态硬盘","六磁碟槽設計彈性組合
 
 兩個 Thunderbolt 4 連接埠
 
 Professional Workflow 系列
 
 同時讀取
 
 重新界定效率
 
 領先業界的讀卡機
 
 先進的可攜式 SSD",,,,,,,,,,,,,,,,
,"Your Workflow Reimagined
A new era of streamlined workflow is here
With the Lexar Professional Workflow series, you can unleash new levels of 
efficiency, creativity, and productivity",,"Ihr Workflow neu definiert
 Eine neue Ära optimierter Workflows hat begonnen.
 Mit der Lexar Professional Workflow Serie erreichen Sie neue Ebenen der Effizienz, Kreativität und Produktivität.","Votre flux de travail réimaginé
 Une nouvelle ère de flux de travail rationalisé est arrivée.
 Avec la série Lexar Professional Workflow, vous pouvez atteindre de nouveaux niveaux d'efficacité, de créativité et de productivité.","Tu flujo de trabajo reimaginado
 Una nueva era de flujo de trabajo optimizado ha llegado.
 Con la serie Lexar Professional Workflow puedes alcanzar nuevos niveles de eficiencia, creatividad y productividad.","Il tuo flusso di lavoro, reimmaginato
 Arriva una nuova era di flusso di lavoro ottimizzato
 Con la serie Lexar professional Workflow, puoi raggiungere nuovi livelli di efficienza, creatività e produttività.","Opracuj przepływ pracy na nowo
 Nadeszła nowa era usprawnionego przepływu pracy.
 Urządzenia Lexar Professional Workflow umożliwiają użytkownikom osiąganie wyższych poziomów wydajności, kreatywności i produktywności.","إعادة تصور حل Workflow
 عصر جديد من أسلوب العمل المنظم قد بدأ.
 مع سلسلة Lexar Professional Workflow، يمكنك تحقيق مستويات جديدة من الكفاءة والإبداع والإنتاجية.","ワークフローを再構築
 合理化されたワークフローの新時代がここに。
 Lexar Professional Workflowシリーズで新たなレベルの効率性、創造性、生産性を解き放ちます。","跃进专业后期新时代
 欢迎来到专业后期制作的新时代
 新一代Workflow系列震撼亮相
 将后期制作的效率推向新高度","革新您的工作流程
 歡迎來到專業流暢工作流程的新時代。
 選擇 Lexar Professional Workflow 系列，將您的工作效率、創意發揮和生產力推向新境界。",,,,,,,,,,,,,,,,
,"Meet the Next-gen Workflow
The all-new Workflow holds the most advanced card readers and
portable SSDs into one dock to create the ultimate workflow for your post-production process 
",,"Der Workflow der nächsten Generation
 Der brandneue Workflow vereint die fortschrittlichsten Kartenleser und tragbaren SSDs in einem Dock, um den ultimativen Workflow für Ihre Postproduktion zu schaffen. 
 ","Découvrez la nouvelle génération de Workflow
 Le tout nouveau Workflow regroupe les lecteurs de cartes et les lecteurs SSD portables les plus avancés dans une seule station d'accueil pour créer le flux de travail ultime pour votre processus de post-production. 
 ","Conoce el Workflow de nueva generación
 El nuevo Workflow reúne los lectores de tarjetas y SSD portátiles más avanzados en una sola base para crear el flujo de trabajo definitivo para su proceso de posproducción. 
 ","Arriva il Workflow di nuova generazione
 Il nuovo Workflow unisce in un unico dock i più avanzati lettori di schede e SSD portatili, per creare il flusso di lavoro perfetto per il tuo processo di post-produzione. 
 ","Workflow nowej generacji
 Całkiem nowe urządzenia z serii Workflow łączą w sobie najbardziej zaawansowane czytniki kart i przenośne dyski SSD w jednej obudowie, aby dać doskonałe doświadczenia w procesie postprodukcji. 
 ","تعرّف على حل Workflow من الجيل التالي
 يتيح لك حل Workflow الجديدة كليًا جمع أحدث أجهزة قراءة البطاقات وأقراص SSD المحمولة في قاعدة واحدة، لإنشاء أسلوب العمل المثالي لعملية ما بعد الإنتاج. 
 ","次世代Workflowの登場
 一新されたWorkflowは、最先端のカードリーダーとポータブルSSDを１つのドックに統合し、ポストプロダクションプロセスで究極のワークフローを実現します。 
 ","全新一代Workflow
 就在此刻
 全新的Workflow将强大的读卡器和移动固态硬盘集成到一个桌面备份站，
 为您的后期制作流程提供极致的工作效率，是你名副其实的专业搭档","全新一代 Workflow
 全新的 Workflow 將最先進的讀卡機和可攜式 SSD 整合到同一個擴充站，為您的後製流程提供極致的工作效率。 
 ",,,,,,,,,,,,,,,,
,"Simultaneous Offloads Redefine Efficiency
Want to quickly back up all your data? You no longer have to offload data card by card
Workflow allows six modules to offload simultaneously, drastically reducing wait times, and enhancing productivity",,"Simultanes Lesen definiert Effizienz neu
 Möchten Sie schnell all Ihre Daten sichern? Sie müssen Daten nicht mehr länger Karte für Karte auslesen.
 Der Workflow ermöglicht das gleichzeitige Lesen von sechs Modulen, was Wartezeiten drastisch reduziert und die Produktivität steigert.","Les déchargements simultanés redéfinissent l'efficacité
 Vous souhaitez sauvegarder rapidement toutes vos données ? Vous n'avez plus besoin de décharger les données carte par carte.
 Workflow permet à six modules de se décharger simultanément, ce qui réduit considérablement les temps d'attente et améliore la productivité.","Las descargas simultáneas redefinen la eficiencia
 ¿Quieres realizar una copia de seguridad rápida de todos tus datos? Ya no es necesario descargar datos tarjeta por tarjeta.
 Workflow permite descargar seis módulos simultáneamente, lo que reduce drásticamente los tiempos de espera y mejora la productividad.","Scaricamenti simultanei per un’efficienza mai vista prima
 Vuoi fare un rapido backup di tutti i tuoi dati? Non devi più scaricarli una scheda alla volta.
 Con Workflow puoi scaricare contemporaneamente sei moduli, per ridurre drasticamente i tempi di attesa e migliorare la produttività.","Równoczesne zgrywanie danych definiuje wydajność na nowo
 Potrzebujesz szybko wykonać kopię swoich danych? Już nie musisz zgrywać danych indywidualnie, karta po karcie.
 Urządzenia z serii Workflow umożliwiają równoczesne zgrywanie z sześciu nośników, co oznacza radykalne skrócenie czasu oczekiwania i zwiększenie produktywności.","التفريغ المتزامن يعيد تعريف الكفاءة
 إذا كنت تريد نسخ جميع بياناتك احتياطيًا بسرعة؟ لم يعد عليك نقل البيانات من بطاقة ذاكرة واحدة في كل مرة.
 الآن يمكنك نقل البيانات من ست بطاقات ذاكرة في نفس الوقت بفضل حل Workflow، مما يقلل من الوقت الذي تقضيه في انتظار انتهاء النقل ويزيد من إنتاجيتك.","同時オフロード 効率を再定義
 すべてのデータを素早くバックアップしたいですか？もうデータをカードごとにオフロードする必要はありません。
 Workflowでは6つのモジュールで同時にオフロードでき、待ち時間を大幅に短縮し、生産性が向上されます。","同时读取
 同步备份
 
 想要快速备份所有数据吗？您不再需要一张一张地读取卡的数据
 Workflow允许六个模块同时工作，大幅减少等待时间，最大化你的生产力","同時讀取重新界定效率
 想要快速備份所有資料嗎？您不再需要一張一張地讀取記憶卡中的資料。
 Workflow 能讓六個模組同時讀取資料，大幅縮短等待時間，同時提高生產力。",,,,,,,,,,,,,,,,
,"Powerful Connections
Maximize productivity with versatile multi-device connections

* The two right-side slots share a maximum bandwidth of 40Gbps, while the four left-side slots share a maximum bandwidth of 10Gbps. 
When all six slots are in use simultaneously, the combined total bandwidth is capped at 40Gbps.
Speed based on internal testing. Actual performance may vary.",,"Leistungsstarke Verbindungen
 Maximale Produktivität durch vielseitige Verbindungen mit mehreren Geräten
 
 * Die beiden rechten Steckplätze teilen sich eine maximale Bandbreite von 40Gbps, während die vier linken Steckplätze sich eine maximale Bandbreite von 10Gbps teilen. 
 Bei gleichzeitiger Nutzung aller sechs Steckplätze ist die kombinierte Gesamtbandbreite auf 40Gbps begrenzt.
 Die Geschwindigkeit basiert auf internen Tests. Die tatsächliche Geschwindigkeit kann variieren.","Connexions puissantes
 Maximisez votre productivité grâce à des connexions multi-appareils polyvalentes
 
 * Les deux emplacements de droite partagent une bande passante maximale de 40 Gbps, tandis que les quatre emplacements de gauche partagent une bande passante maximale de 10 Gbps. 
 Lorsque les six emplacements sont utilisés simultanément, la bande passante totale combinée est plafonnée à 40 Gbps.
 La vitesse est basée sur des tests internes. Les performances réelles peuvent varier.","Conexiones potentes
 Maximiza la productividad con conexiones versátiles para múltiples dispositivos
 
 * Las dos ranuras del lado derecho comparten un ancho de banda máximo de 40 Gbps, mientras que las cuatro ranuras del lado izquierdo comparten un ancho de banda máximo de 10 Gbps. 
 Cuando las seis ranuras se utilizan simultáneamente, el ancho de banda total combinado está limitado a 40 Gbps.
 La velocidad se basa en pruebas internas. El rendimiento real puede variar.","Connessioni potenti
 Massimizza la produttività con connessioni versatili multi-dispositivo
 
 *Le due fessure sul lato destro hanno una larghezza di banda comune massima di 40 Gbps, mentre le quattro fessure sul lato sinistro hanno una larghezza di banda comune massima di 10 Gbps. 
 Quando si usano contemporaneamente tutte e quattro le fessure, la larghezza di banda totale massima è di 40 Gbps.
 La velocità è basata su test interni. Le prestazioni effettive possono variare.","Szerokie możliwości połączeń
 Maksymalizuj produktywność dzięki uniwersalnym możliwościom podłączania wielu urządzeń
 
 * Dwa gniazda z prawej strony charakteryzują się maksymalną przepustowością 40 Gb/s, a cztery gniazda z lewej strony mają maksymalną przepustowość 10 Gb/s. 
 W przypadku korzystania ze wszystkich sześciu gniazd równocześnie wspólna całkowita przepustowość jest ograniczona do 40 Gb/s.
 Podane prędkości na podstawie testów wewnętrznych. Rzeczywiste osiągi mogą być inne.","اتصالات قوية
 هذا الجهاز يساعدك على زيادة إنتاجيتك من خلال توصيل عدة أجهزة في وقت واحد.
 
 * الفتحتان على الجانب الأيمن يمكنهما نقل البيانات بسرعة كبيرة تصل إلى 40 جيجابت في الثانية، بينما الفتحات الأربع على الجانب الأيسر تنقل البيانات بسرعة أقل تصل إلى 10 جيجابت في الثانية. 
 عندما تستخدم جميع الفتحات الستة في نفس الوقت، يكون الحد الأقصى لسرعة نقل البيانات 40 جيجابت في الثانية.
 هذه السرعات تعتمد على الاختبارات التي أجريت داخل الشركة المُصنّعة. الأداء الفعلي قد يختلف عن الأداء المذكور أو المقارن به.","パワフルな接続機能
 汎用性の高いマルチデバイス接続で生産性を最大化できますい。
 
 * 右側にある2つのスロットは最大帯域幅40Gbpsを共有し、左側にある4つのスロットは 最大帯域幅10Gbpsを共有します。 
 6つすべてのスロットが同時に使用されている場合、合計帯域幅は40Gbpsが上限となります。
 速度は社内テストに基づいています。実際のパフォーマンスは異なる場合があります。","端口
 个个不凡
 USB C（最高10Gbps）
 雷电 4（最高40Gbps）
 USB C（最高10Gbps，最高7.5W输出）
 USB A（最高10Gbps，最高7.5W输出）
 菊链接口
 上行接口（最高85W输出）
 电源接口 （最高140W输入）
 
 *右侧两个插槽共享的最大带宽为40Gbps，而左侧四个插槽共享的最大带宽为10Gbps。
 当所有六个插槽同时使用时，组合后的总带宽上限为40Gbps。
 速度基于内部测试，实际性能可能会有所不同","強大的連接功能
 同時連接多重裝置將生產力最大化
 
 * 兩個右側插槽共用 40Gbps 的最大頻寬，四個左側插槽共用 10Gbps 的最大頻寬。 
 全部六個插槽一起使用時，總合頻寬上限為 40Gbps。
 速度基於內部測試。實際效能可能有所不同。",,,,,,,,,,,,,,,,
,"Unlock 8K Display with Thunderbolt 4
Expand your workspace with Thunderbolt 4 and enjoy up to 8K video output for unmatched clarity and detail",,"Mit Thunderbolt 4 zum 8K Display
 Erweitern Sie Ihren Arbeitsplatz mit Thunderbolt 4 und genießen Sie bis zu 8K Videoausgabe für unübertroffene Klarheit und Details.","Débloquez l'affichage 8K avec Thunderbolt 4
 Étendez votre espace de travail avec Thunderbolt 4 et profitez d'une sortie vidéo jusqu'à 8K pour une clarté et des détails inégalés","Desbloquea la pantalla 8K con Thunderbolt 4
 Amplía su espacio de trabajo con Thunderbolt 4 y disfruta de una salida de vídeo de hasta 8K para una claridad y detalles incomparables","Usa gli schermi 8K con Thunderbolt 4
 Espandi il tuo spazio di lavoro con Thunderbolt 4 e goditi l’uscita video fino a 8K, per una chiarezza e un dettaglio senza pari","Odblokuj rozdzielczość 8K dzięki złączom Thunderbolt 4
 Powiększ swoją przestrzeń roboczą dzięki złączom Thunderbolt 4 i korzystaj z maksymalnej rozdzielczości obrazu 8K, aby uzyskać doskonałą wyrazistość i szczegółowość","افتح عرض 8K مع Thunderbolt 4
 هذا يعني أنه يمكنك استخدام تقنية Thunderbolt 4 لتوصيل شاشة بدقة 8K بجهاز الكمبيوتر الخاص بك، وهذا يمنحك صورة فائقة الوضوح والتفاصيل.","Thunderbolt 4で8Kディスプレイを解放
 Thunderbolt 4でワークスペースを拡張し、最高8Kのビデオ出力で比類なき鮮明度とディテールを楽しめます","8K
 近在眼前
 
 使用Thunder 4技术，通过外接显示器扩展您的工作空间，
 可解锁高达8K的超高清素材观看体验","透過 Thunderbolt 4 在 8K 顯示器上呈現
 使用 Thunderbolt 4 擴展您的工作空間，享受高達 8K 視訊輸出，體驗無與倫比的清晰度與細節",,,,,,,,,,,,,,,,
,"Personalize Your Workflow
From dramatic module flexibility to dock possibility, see what you can do with our powerful connections.

Connect your own storage device
Charge your phone or laptop 

Stack the docks through daisy chain 
Expand your storage station",,"Personalisieren Sie Ihren Workflow
 Sehen Sie, was Sie von der Modulflexibilität bis zur Dockingfähigkeit alles mit unseren leistungsstarken Anschlüssen machen können.
 
 Ihre eigenen Speichergeräte anschließen
 Ihr Telefon oder Laptop laden 
 
 Die Docks über Daisy-Chain stapeln 
 Ihre Speicherstation erweitern","Personnalisez votre Workflow
 De la flexibilité des modules aux possibilités des stations d'accueil, découvrez ce que vous pouvez faire avec nos puissantes connexions.
 
 Connectez votre propre périphérique de stockage
 Chargez votre téléphone ou votre ordinateur portable 
 
 Empilez les stations d'accueil via la connexion en guirlande 
 Étendez votre station de stockage","Personaliza tu flujo de trabajo
 Desde la espectacular flexibilidad de los módulos hasta la posibilidad de acoplamiento, descubre lo que puedes hacer con nuestras potentes conexiones.
 
 Conecta tu propio dispositivo de almacenamiento
 Carga tu teléfono o portátil 
 
 Apila los puertos mediante conexión en cadena 
 Amplía tu estación de almacenamiento","Personalizza il tuo flusso di lavoro
 Da una grande flessibilità dei moduli alla possibilità dei dock, vedi cosa puoi fare con delle connessioni potenti.
 
 Collega il tuo dispositivo di archiviazione
 Carica il telefono o il computer portatile 
 
 Collega i dock a catena 
 Espandi la tua stazione di archiviazione","Spersonalizuj swój Workflow
 Korzystaj z zalet, takich jak elastyczność modułów po możliwość dokowania. Przekonaj się, co możesz zrobić dzięki szerokim możliwościom połączeń.
 
 Podłącz własne urządzenie magazynujące
 Ładuj swój telefon lub laptopa 
 
 Łącz doki w łańcuchy 
 Rozbuduj swój magazyn danych","خصص حل Workflow
 من المرونة الكبيرة في استخدام الوحدات إلى إمكانية توصيل الحواسيب، اكتشف ما يمكنك فعله مع اتصالاتنا القوية.
 
 قم بتوصيل جهاز التخزين الخاص بك
 اشحن هاتفك أو حاسوبك المحمول 
 
 قم بتوصيل وحدات التوصيل معًا عبر سلسلة ديزي 
 وسّع محطة التخزين الخاصة بك","自分だけのWorkflowを実現
 劇的なモジュールの柔軟性からドックの可能性まで、強力な接続機能で何ができるかをご確認ください。
 
 自分のストレージデバイスを接続
 スマートフォンやノートパソコンを充電 
 
 デイジーチェーンを通じたドックのスタック 
 ストレージステーションを拡張","定制你的Workflow
 
 从连接多种设备到堆叠多台主机
 一起探索我们的强大连接性能带来的无限可能
 
 连接您的个人存储设备
 为您的手机或笔记本电脑充电
 
 通过菊链技术
 轻松扩展您的存储空间","個人化 Workflow
 擁有驚人的模組彈性組合，也可連接擴充站，快來看看這些強大的連接功能可為您帶來哪些好處。
 
 連接您個人的儲存裝置
 為手機或筆記型電腦充電 
 
 透過菊鏈連接堆疊擴充站 
 輕鬆擴充儲存站",,,,,,,,,,,,,,,,
,"More Power in the 140W Charger
Featuring a 140W GaN charger with interchangeable travel plugs, Workflow ensures rapid and reliable charging wherever you travel.  
This advanced charger provides efficient power delivery, keeping all your devices ready for action",,"Mehr Leistung mit dem 140W Ladegerät
 Mit dem 140W GaN Ladegerät mit austauschbaren Steckern sorgt Workflow für schnelles und zuverlässiges Laden, wo auch immer Sie unterwegs sind. 
 Dieses fortschrittliche Ladegerät bietet eine effiziente Stromversorgung und hält alle Geräte einsatzbereit.","Plus de puissance dans le chargeur de 140 W
 Doté d'un chargeur GaN de 140 W avec des prises de voyage interchangeables, Workflow garantit une charge rapide et fiable, quelle que soit votre destination de voyage. 
 Ce chargeur avancé fournit une alimentation efficace, préparant tous vos appareils à l'action.","Más potencia en el cargador de 140 W
 Con un cargador GaN de 140 W con enchufes de viaje intercambiables, Workflow garantiza una carga rápida y fiable dondequiera que viajes. 
 Este cargador avanzado proporciona un suministro de energía eficiente, manteniendo todos tus dispositivos listos para la acción.","Più potenza nel caricatore da 140 W
 Workflow ha un caricatore GaN da 140 W con prese intercambiabili da viaggio, e ti permette quindi di caricare sempre in tranquillità ovunque tu sia. 
 Questo caricatore all'avanguardia fornisce potenza in maniera efficiente, e mantiene pronti all'azione tutti i tuoi dispositivi.","Więcej mocy dzięki ładowarce 140 W
 Dzięki wbudowanej ładowarce GaN o mocy 140 W z wymiennymi, uniwersalnymi wtyczkami, urządzenia Workflow zapewniają szybkie i niezawodne ładowanie w podróży. 
 Zaawansowana ładowarka gwarantuje skuteczne ładowanie pozwalające na zachowanie gotowości urządzeń do pracy.","طاقة أكبر مع شاحن بقدرة 140 واط
 الشاحن الذي يقدر بقدرة 140 واط يستخدم تقنية حديثة (GaN) لشحن أجهزتك بسرعة وموثوقية. يمكن تغيير مقابس الشاحن لتناسب أماكن مختلفة عند السفر مع حل Workflow. 
 هذا الشاحن المتطور يضمن أن جميع أجهزتك تحصل على الطاقة اللازمة وتكون جاهزة للاستخدام بسرعة.","140Wの充電器でパワフルに給電
 交換可能な旅行用プラグ付きの140W GaN充電器を搭載したWorkflowは、旅先でも高速で信頼性の高い充電を確約します。 
 この先進的な充電器は効率的な電力供給により、すべてのデバイスを利用可能に保ちます。","140W氮化镓充电
 动力满格
 
 配备140W黑科技氮化镓充电器和旅行转接插头
 确保您无论身在何处
 都能享受快速而可靠的充电体验","140 瓦充電器電力滿格
 Workflow 配備 140 瓦氮化鎵充電器，可互換的旅行轉接插頭，確保您去到任何地方都能享受快速且可靠的充電。 
 這款進階充電器擁有卓越的輸電效率，讓您所有裝置隨時充飽電。",,,,,,,,,,,,,,,,
,"Looks Tough Because it is
From heat-dissipating, scratch-resistant aluminum to its built-in, temperature-sensitive fan, 
the Professional Workflow Docking Station is made to fast-track your workflow in any environment",,"Sieht robust aus, weil es ist
 Von wärmeableitendem, kratzfestem Aluminium bis hin zum integrierten, temperaturempfindlichen Lüfter, ist die Professional Workflow Dockingstation darauf ausgelegt, Ihren Workflow in jeder Umgebung zu beschleunigen.","Un aspect robuste mérité
 De sa structure en aluminium dissipant la chaleur et résistant aux rayures à son ventilateur intégré sensible à la température, la station d'accueil Professional Workflow est conçue pour accélérer votre flux de travail dans n'importe quel environnement.","Parece robusto porque lo es
 Desde aluminio resistente a rayones y disipador de calor hasta ventilador incorporado sensible a la temperatura, Professional Workflow Docking Station está diseñada para agilizar tu flujo de trabajo en cualquier entorno.","Sembra solido perché lo è
 Dall'alluminio che disperde il calore e resiste ai graffi, alla ventola incorporata sensibile alla temperatura, la Docking Station Professional Workflow è costruita per accelerare il tuo flusso di lavoro in qualunque ambiente.","Wygląda solidnie, bo jest solidna
 Zaczynając od możliwości rozpraszania ciepła i odporności na zarysowania aluminium po wbudowane wentylatory o prędkości pracy zależnej od temperatury, stacja dokująca Professional Workflow jest przeznaczona do udoskonalania przepływu pracy w każdym otoczeniu.","يبدو قويًا لأنه كذلك
 من الألومنيوم المقاوم للخدوش والذي يساعد على تبديد الحرارة، إلى المروحة المدمجة التي تستجيب لدرجة الحرارة، تم تصميم محطة العمل الاحترافية لحل Professional Workflow Docking Station لتسريع سير العمل الخاص بك في أي بيئة.","見た目通りのタフさ
 放熱性に優れ、傷に強いアルミニウムから内蔵の温度感応型ファンまで、Professional Workflow Docking Stationは、あらゆる環境でワークフローを加速させるために作られています。","流畅、坚固、散热强劲
 
 采用轻巧而坚固的铝合金材质，加上内部的风道设计，实现了强劲散热，
 确保Workflow在任何工作环境下都能维持最佳性能","堅實可靠的外觀
 擁有出色散熱效果、防刮堅固的鋁合金材質，內建可感應溫度啟動的風扇，Professional Workflow 擴充站在任何環境下都能讓您的工作流程維持最佳效能。",,,,,,,,,,,,,,,,
,"Professional Portable SSD for Workflow
Rugged, Durable, Reliable 

Water resistant Up to a depth
of 1.5m for up to 30 minutes

Drop resistant 
Withstands drops up to 3 meters

Dust resistant 
No ingress of dust permitted

* Rated as IP68 and 3-meter anti-drop based on internal testing conducted under controlled conditions. 
Actual water, dust, and drop resistance capabilities may vary. Damage caused by liquid, dust, and drops is not covered under warranty.",,"Professionelle tragbare SSD für Workflow
 Robust, langlebig, zuverlässig 
 
 Wasserdicht 
 Bis zu einer Tiefe von 1,5m
 Bis zu 30 Minuten
 
 Sturzfest 
 Widersteht von bis zu 3 Metern
 
 Staubdicht 
 Staub kann nicht eindringen
 
 * IP68 und 3-Meter Fallwiderstandsfähigkeit basieren auf internen Tests unter kontrollierten Bedingungen. 
 Die tatsächliche Wasser-, Staub- und Sturzfestigkeit kann variieren. Schäden durch Flüssigkeiten, Staub und Stürzen sind von der Garantie ausgeschlossen.","SSD portable professionnel pour Workflow
 Robuste, durable et fiable 
 
 Résistant à l'eau 
 Jusqu'à une profondeur de 1,5 m
 Jusqu'à 30 minutes
 
 Résistant aux chutes 
 Résiste aux chutes jusqu'à 3 mètres
 
 Résistant à la poussière 
 Aucune pénétration de poussière autorisée
 
 * La classification IP68 et la résistance aux chutes de 3 mètres sont basées sur des tests internes effectués dans des conditions contrôlées. 
 Les capacités réelles de résistance à l'eau, à la poussière et aux chutes peuvent varier. Les dommages occasionnés par les liquides, la poussière et les chutes ne sont pas couverts par la garantie.","SSD profesional protátil para Workflow
 Robusto, duradero, fiable 
 
 Resistente al agua 
 Hasta una profundidad de 1,5 m
 Hasta 30 minutos
 
 Resistente a caídas 
 Soporta caídas de hasta 3 metros
 
 Resistente al polvo 
 No se permite la entrada de polvo.
 
 * Clasificación IP68 y resistencia a caídas desde 3 metros según pruebas internas realizadas en condiciones controladas. 
 La resistencia real al agua, al polvo y a las caídas puede variar. La garantía no cubre los daños causados ​​por líquidos, polvo y caídas.","SSD portatile professionale per Workflow
 Solido, resistente, affidabile 
 
 Resistente all'acqua 
 Fino a 1,5 metri di profondità
 Fino a mezz’ora
 
 Resistente agli urti 
 Resistentes a cadute fino a 3 metri
 
 Resiste alla polvere 
 Non permette l’ingresso della polvere
 
 *Valutato IP68 e resistente alle cadute fino a 3 metri sulla base di verifiche interne in condizioni controllate. 
 L’effettiva resistenza all'acqua, alla polvere e alle cadute può variare. I danni causati da liquidi, polvere e cadute non sono coperti dalla garanzia.","Profesjonalne przenośne dyski SSD do Workflow
 Solidne, wytrzymałe, niezawodne 
 
 Wodoodporność 
 Do głębokości zanurzenia 1,5 m
 Przez maks. 30 minut
 
 Odporność na upadki 
 Wytrzymuje upadki z maks. 3 m
 
 Odporność na pył 
 Chroni przed przenikaniem pyłu do wnętrza
 
 * Stopień ochrony IP68 i odporność na upadek z wysokości 3 metrów stwierdzono na podstawie testów wewnętrznych przeprowadzonych w kontrolowanych warunkach. 
 Rzeczywista odporność na wodę, pył i upadki może się różnić. Uszkodzenia spowodowane cieczą, pyłem i upadkami nie są objęte gwarancją.","محرك أقراص SSD محمول احترافي لحل Workflow
 قوي، متين، موثوق 
 
 مقاوم للماء 
 حتى عمق 1.5 متر
 لمدة تصل إلى 30 دقيقة
 
 مقاوم للسقوط 
 مقاومة للسقوط من ارتفاع 3 أمتار
 
 مقاوم للغبار 
 لا يسمح بدخول الغبار
 
 * مصنف وفقًا لمعيار IP68 ومقاوم للسقوط من ارتفاع 3 أمتار بناءً على اختبارات داخلية أجريت في ظروف خاضعة للتحكم. 
 قد تختلف القدرات الفعلية لمقاومة الماء والغبار والسقوط. الضرر الناتج عن السوائل أو الغبار أو السقوط غير مشمول في الضمان.","Professional Portable SSD for Workflow
 堅牢性、耐久性、信頼性 
 
 防水性 
 深さ1.5mまで
 最大30分間
 
 耐落下性 
 高さ3メートルまでの落下に耐える
 
 防塵性 
 埃の侵入を防止
 
 * IP68規格、3メートル耐落下性は、管理された条件下で行われた社内テストに基づいています。 
 実際の防水性、防塵性、耐落下性は異なることがあります。液体や埃、落下により生じた破損は保証対象外となります。","旗舰级移动固态硬盘
 强强联手
 
 防水
 在 1.5 米深的水中提供 30 分钟的防水性能
 
 抗摔
 可抵御高达3米的跌落冲击
 
 防尘
 完全防止灰尘进入","Workflow 專業級可攜式 SSD
 堅固、耐用、可靠 
 
 防水 
 深度最多 1.5 公尺
 持續時間最久 30 分鐘
 
 耐摔 
 可抵禦最高 3 公尺的摔落撞擊
 
 防塵 
 完全防止灰塵進入
 
 * 根據在受控條件下進行的內部測試，符合 IP68 等級和 3 公尺防摔。 
 實際的防水、防塵和耐摔能力可能有所不同。液體、灰塵和摔落造成的損壞不在保固範圍內。",,,,,,,,,,,,,,,,
,"Incredibly Rapid
With staggering read/write speeds of 2000MB/s*,the Portable SSD accelerates your workflow
Quickly and easily transfer your projects of any size into the powerful Portable SSD

Write up to 2000MB/s
Read up to 2000MB/s

*Up to 2000MB/s read transfer, up to 2000MB/s write. Speeds based on internal testing on devices that support USB 3.2 Gen 2x2; 
performance may be lower depending on host device, interface, usage conditions, and other factors. 
Due to device limitations, the maximum speed achievable on Workflow is 1050MB/s.",,"Unglaublich schnell
 Mit atemberaubenden Lese- und Schreibgeschwindigkeiten von 2000MB/s* beschleunigt die tragbare SSD Ihren Workflow.
 Übertragen Sie Ihre Projekte egal welcher Größe schnell und einfach auf die leistungsstarke tragbare SSD.
 
 Schreiben bis zu 2000MB/s
 Lesen bis zu 2000MB/s
 
 *Bis zu 2000MB/s Leseübertragung, bis zu 2000MB/s Schreiben. Geschwindigkeiten basieren auf internen Tests mit Geräten, die USB 3.2 Gen 2x2 unterstützen; 
 Leistung kann je nach Host Gerät, Schnittstelle, Einsatzbedingungen und anderen Faktoren geringer sein. 
 Aufgrund von Gerätebeschränkungen beträgt die maximal erreichbare Geschwindigkeit im Workflow 1050MB/s.","Incroyablement rapide
 Avec des vitesses de lecture/écriture stupéfiantes de 2 000 Mo/s*, le SSD portable accélère votre flux de travail.
 Transférez rapidement et facilement vos projets, quelle que soit leur taille, dans le puissant SSD portable
 
 Écriture jusqu'à 2 000 Mo/s
 Lecture jusqu'à 2 000 Mo/s
 
 *Jusqu'à 2 000 Mo/s de transfert en lecture, jusqu'à 2 000 Mo/s en écriture. Vitesses basées sur des tests internes sur des appareils prenant en charge l'USB 3.2 Gen 2x2 ; 
 les performances peuvent être inférieures en fonction du périphérique hôte, de l'interface, des conditions d'utilisation et d'autres facteurs. 
 En raison des limitations de l’appareil, la vitesse maximale atteignable sur Workflow est de 1 050 Mo/s.","Increiblemente rápido
 Con asombrosas velocidades de lectura/escritura de 2000 MB/s*, la SSD portátil acelera tu flujo de trabajo.
 Transfiere rápida y fácilmente tus proyectos de cualquier tamaño a la potente SSD portátil
 
 Escritura de hasta 2000 MB/s
 Lectura de hasta 2000 MB/s
 
 *Transferencia de lectura de hasta 2000 MB/s, escritura de hasta 2000 MB/s. Velocidades basadas en pruebas internas en dispositivos compatibles con USB 3.2 Gen 2x2; 
 el rendimiento puede ser menor dependiendo del dispositivo host, la interfaz, las condiciones de uso y otros factores. 
 Debido a las limitaciones del dispositivo, la velocidad máxima alcanzable en Workflow es 1050 MB/s.","Velocità incredibile
 Con altissime velocità di lettura/scrittura di 2000 MB/s*, l’SSD portatile accelera il tuo flusso di lavoro.
 Trasferisci progetti di qualunque dimensione in velocità e con facilità in questo potente SSD portatile
 
 Scrittura fino a 2000 MB/s
 Lettura fino a 2000 MB/s
 
 *Trasferimento in lettura fino a 2000 MB/s, in scrittura fino a 2000 MB/s. Velocità basate su verifiche interne con dispositivi che supportano lo USB 3.2 Gen 2x2; 
 le prestazioni possono essere inferiori a seconda del dispositivo host, dell'interfaccia, delle condizioni di utilizzo e di altri fattori. 
 A causa delle limitazioni del dispositivo, la velocità massima raggiungibile sul Workflow è di 1050 MB/s.","Niezwykła szybkość
 Przenośne dyski SSD o niesamowitej prędkości zapisu/odczytu rzędu 2000 MB/s* rzeczywiście przyspieszają Twoją pracę.
 Szybko i łatwo przesyłaj swoje projekty, niezależnie od ich rozmiaru, na przenośne dyski SSD
 
 Zapis do 2000 MB/s
 Odczyt do 2000 MB/s
 
 *Odczyt do 2000 MB/s, zapis do 2000 MB/s. Prędkości uzyskane w testach wewnętrznych na urządzeniach z obsługą USB 3.2 Gen 2x2; 
 w zależności od urządzenia macierzystego, interfejsu, warunków użytkowania i innych czynników wydajność może być niższa. 
 Z uwagi na ograniczenia urządzenia maksymalna możliwa do uzyskania prędkość w przypadku modelu Workflow wynosi 1050 MB/s.","سريع بشكل مذهل
 بسرعات قراءة وكتابة مذهلة تصل إلى 2000 ميجابايت في الثانية*، يعزز محرك الأقراص الصلبة المحمول سير عملك.
 قم بنقل مشاريعك بأي حجم بسرعة وسهولة إلى محرك الأقراص الصلبة المحمول القوي
 
 السرعة القصوي للكتابة يمكن أن تصل إلى 2000 ميجابايت في الثانية
 السرعة القصوي للقراءة يمكن أن تصل إلى 2000 ميجابايت في الثانية
 
 *سرعة نقل قراءة تصل إلى 2000 ميجابايت في الثانية، وسرعة كتابة تصل إلى 2000 ميجابايت في الثانية. السرعات المذكورة تم اختبارها داخليًا من الشركة المُصنّعة على الأجهزة التي تدعم منفذ USB 3.2 Gen 2x2؛ 
 قد ينخفض الأداء حسب الجهاز المضيف والواجهة وظروف الاستخدام وغيرها من العوامل. 
 نظرًا لقيود الجهاز، فإن أقصى سرعة يمكن الوصول إليها على Workflow هي 1050 ميجابايت/ثانية.","驚きの速さ
 2000MB/s*の驚異的なリード/ライト速度で、Portable SSDがワークフローを加速。
 あらゆる容量のプロジェクトを強力なPortable SSDに素早く簡単に転送
 
 最大ライト2000MB/s
 最大リード2000MB/s
 
 *最大2000MB/sのリード転送、最大2000MB/sのライト。速度はUSB 3.2 Gen 2x2をサポートするデバイスでの社内テストに基づいています。 
 ホスト機器やインターフェイス、使用条件、その他要因により、パフォーマンスが低下することがあります。 
 デバイスの制限により、Workflowで達成可能な最大速度は1050MB/sとなります。.","不止于强
 速度同样领航
 拥有高达2000MB/s*的惊人读写速度
 大文件传输变得轻而易举
 创意工作更加流畅
 
 * 2000MB/s的读取速度和2000MB/s写入速度，速度是基于对支持USB 3.2 Gen 2x2的设备进行的内部测试得出的。
 然而，实际性能可能会因主机的兼容性、接口类型、使用环境以及其他相关因素而有所不同。
 特别需要注意的是，在Workflow设备上，由于设备本身的限制，能够达到的最大速度为1050MB/s。","擁有飛快讀寫速度
 可攜式 SSD 具有 2000MB/s* 的驚人讀/寫速度，可加快您的工作流程。
 快速輕鬆地將任何規模的專案傳輸到功能強大的可攜式 SSD 中
 
 寫入速度高達 2000MB/s
 讀取速度高達 2000MB/s
 
 * 讀取傳輸速度高達 2000MB/s，寫入傳輸速度高達 2000MB/s。速度係依據在支援 USB 3.2 Gen 2x2 的裝置上進行內部測試的結果； 
 效能可能因主機裝置、介面、使用條件和其他因素而降低。 
 基於裝置限制，Workflow 上可達成的最高速度為 1050MB/s。",,,,,,,,,,,,,,,,
,"The Most Powerful Card Readers Available

CFexpress™ 4.0 Type A Reader
Support CFexpress™ 4.0 Type A card with speeds up to 40Gbps

CFexpress™ 4.0 Type B Reader
Support CFexpress™ 4.0 Type B card with speeds up to 40Gbps

Dual-Slot SD Reader
Offload Two SD™ Cards at Once

SD/MicroSD Reader
Offload a SD™ and a microSD™ card at Once",,"Die leistungsstärksten verfügbaren Kartenleser
 
 CFexpress™ 4.0 Typ A Leser
 Unterstützt CFexpress™ 4.0 Typ A Karte mit Geschwindigkeiten bis zu 40Gbps
 
 CFexpress™ 4.0 Typ B Leser
 Unterstützt CFexpress™ 4.0 Typ B Karte mit Geschwindigkeiten bis zu 40Gbps
 
 Dual-Slot SD Leser
 Liest zwei SD™ Karten gleichzeitig
 
 SD/MicroSD Leser
 Liest eine SD™ und eine microSD™ Karte gleichzeitig","Les lecteurs de cartes les plus puissants du marché
 
 Lecteur CFexpress™ 4.0 Type A
 Prend en charge les cartes CFexpress™ 4.0 de type A avec des vitesses allant jusqu'à 40 Gbps
 
 Lecteur CFexpress™ 4.0 Type B
 Prend en charge les cartes CFexpress™ 4.0 de type B avec des vitesses allant jusqu'à 40 Gbps
 
 Lecteur SD à double emplacement
 Chargement simultané de deux cartes SD™
 
 Lecteur SD/MicroSD
 Déchargez une carte SD™ et une carte microSD™ simultanément","Los lectores de tarjetas más potentes disponibles
 
 Lector CFexpress™ 4.0 Tipo A
 Admite tarjetas CFexpress™ 4.0 tipo A con velocidades de hasta 40 Gbps
 
 Lector CFexpress™ 4.0 Tipo B
 Admite tarjetas CFexpress™ 4.0 tipo B con velocidades de hasta 40 Gbps
 
 Lector de tarjetas SD de doble ranura
 Descarga dos tarjetas SD™ a la vez
 
 Lector de tarjetas SD/MicroSD
 Descarga una tarjeta SD™ y una microSD™ a la vez","I più potenti lettori di schede disponibili
 
 Lettore CFexpress™ 4.0 tipo A
 Supporta le schede CFexpress™ 4.0 tipo A con velocità fino a 40 Gbps
 
 Lettore CFexpress™ 4.0 tipo B
 Supporta le schede CFexpress™ 4.0 tipo B con velocità fino a 40 Gbps
 
 Lettore a doppia fessura
 Scarica due schede SD™ contemporaneamente
 
 Lettore SD/MicroSD
 Scarica una scheda SD™ e una microSD™ alla volta","Najpotężniejsze spośród dostępnych czytników kart
 
 Czytnik CFexpress™ 4.0 typu A
 Obsługa kart CFexpress™ 4.0 typu A z prędkościami maks. 40 Gb/s
 
 Czytnik CFexpress™ 4.0 Typu B
 Obsługa kart CFexpress™ 4.0 typu B z prędkościami maks. 40 Gb/s
 
 Podwójny czytnik kart SD
 Umożliwia zgrywanie danych z dwóch kart SD™ równocześnie
 
 Czytnik kart SD/MicroSD
 Umożliwia zgrywanie danych z karty SD™ i microSD™ równocześnie","أقوى أجهزة قراءة البطاقات المتوفرة حاليًا في السوق
 
 جهاز قراءة بطاقات CFexpress™ 4.0 Type A
 يدعم بطاقة CFexpress™ 4.0 Type A بسرعات تصل إلى 40 جيجابايت/ثانية
 
 جهاز قراءة بطاقات CFexpress™ 4.0 Type B
 يدعم بطاقة CFexpress™ 4.0 B بسرعات تصل إلى 40 جيجابايت/ثانية
 
 جهاز قراءة بطاقات SD مزدوج الفتحة
 تفريغ بطاقتي SD™ في نفس الوقت
 
 جهاز قراءة بطاقات SD/MicroSD
 تفريغ بطاقة SD™ وبطاقة microSD™ في نفس الوقت","市場で最もパワフルなカードリーダー
 
 CFexpress™ 4.0 Type Aリーダー
 最大40Gbpsの速度でCFexpress™ 4.0 Type Aカードをサポート
 
 CFexpress™ 4.0 Type Bリーダー
 最大40Gbpsの速度でCFexpress™ 4.0 Type Bカードをサポート
 
 デュアルスロットSDリーダー
 2枚のSD™カードを一度にオフロード
 
 SD/MicroSDリーダー
 SD™カードとmicroSD™カードをオフロード","全能读卡器
 尽在掌握
 
 CFexpress 4.0 Type A 读卡器
 支持最新CFexpress™ 4.0 Type B 
 
 CFexpress 4.0 Type B 读卡器
 支持最新CFexpress™ 4.0 Type B
 
 SD/ SD UHS-II 读卡器
 同时读取两张SD™卡
 
 SD/ Micro SD UHS-II 读卡器
 同时读取SD™和microSD™卡","業界最高效能的讀卡機
 
 CFexpress™ 4.0 Type A 讀卡機
 支援 CFexpress™ 4.0 Type A 記憶卡，速度高達 40Gbps
 
 CFexpress™ 4.0 Type B 讀卡機
 支援 CFexpress™ 4.0 Type B 記憶卡，速度高達 40Gbps
 
 雙插槽 SD 讀卡機
 可同時讀取兩張 SD™ 記憶卡
 
 SD/MicroSD 讀卡機
 可同時讀取一張 SD™ 記憶卡和一張 microSD™ 記憶卡",,,,,,,,,,,,,,,,